state,district,date,lf,lf_employed,lf_unemployed,lf_outside,p_rate,u_rate,ep_ratio
Johor,Batu Pahat,2018-01-01,207.1,203.1,4.0,94.4,68.7,1.9,67.4
Johor,Batu Pahat,2019-01-01,213.6,209.8,3.7,90.4,70.3,1.7,69.0
Johor,Batu Pahat,2020-01-01,253.3,247.8,5.5,105.2,70.6,2.2,69.1
Johor,Batu Pahat,2021-01-01,250.2,244.5,5.7,109.5,69.6,2.3,68.0
Johor,Batu Pahat,2022-01-01,253.3,248.8,4.5,107.2,70.3,1.8,69.0
Johor,Batu Pahat,2023-01-01,258.7,255.0,3.7,108.4,70.5,1.4,69.5
Johor,Batu Pahat,2024-01-01,263.6,260.2,3.4,108.2,70.9,1.3,70.0
Johor,Johor Bahru,2018-01-01,768.4,742.8,25.6,301.3,71.8,3.3,69.4
Johor,Johor Bahru,2019-01-01,792.4,767.8,24.6,293.7,73.0,3.1,70.7
Johor,Johor Bahru,2020-01-01,853.8,819.0,34.9,311.1,73.3,4.1,70.3
Johor,Johor Bahru,2021-01-01,855.7,820.4,35.3,307.5,73.6,4.1,70.5
Johor,Johor Bahru,2022-01-01,869.7,838.5,31.3,302.3,74.2,3.6,71.5
Johor,Johor Bahru,2023-01-01,897.3,871.2,26.1,308.5,74.4,2.9,72.3
Johor,Johor Bahru,2024-01-01,921.3,896.3,25.0,314.1,74.6,2.7,72.6
Johor,Kluang,2018-01-01,159.3,153.2,6.2,69.5,69.6,3.9,66.9
Johor,Kluang,2019-01-01,166.1,160.5,5.6,66.9,71.3,3.4,68.9
Johor,Kluang,2020-01-01,165.4,158.4,7.0,65.5,71.6,4.2,68.6
Johor,Kluang,2021-01-01,167.1,159.6,7.5,65.2,71.9,4.5,68.7
Johor,Kluang,2022-01-01,167.9,161.3,6.6,64.1,72.4,3.9,69.5
Johor,Kluang,2023-01-01,172.5,167.0,5.5,65.2,72.6,3.2,70.3
Johor,Kluang,2024-01-01,176.6,171.6,5.0,66.6,72.6,2.8,70.6
Johor,Kota Tinggi,2018-01-01,94.7,91.9,2.8,44.8,67.9,3.0,65.9
Johor,Kota Tinggi,2019-01-01,100.7,98.0,2.8,43.8,69.7,2.7,67.8
Johor,Kota Tinggi,2020-01-01,110.7,106.9,3.8,47.2,70.1,3.4,67.7
Johor,Kota Tinggi,2021-01-01,111.5,107.2,4.3,46.6,70.5,3.9,67.8
Johor,Kota Tinggi,2022-01-01,113.4,109.6,3.9,45.6,71.3,3.4,68.9
Johor,Kota Tinggi,2023-01-01,116.2,113.0,3.2,46.2,71.5,2.8,69.6
Johor,Kota Tinggi,2024-01-01,119.6,116.7,2.9,46.3,72.1,2.4,70.3
Johor,Kulai,2018-01-01,129.7,125.9,3.8,70.5,64.8,2.9,62.9
Johor,Kulai,2019-01-01,131.7,128.1,3.6,66.7,66.4,3.5,64.6
Johor,Kulai,2020-01-01,161.1,155.6,5.5,79.6,66.9,3.4,64.6
Johor,Kulai,2021-01-01,157.1,151.3,5.7,81.8,65.8,3.6,63.3
Johor,Kulai,2022-01-01,159.1,154.0,5.1,80.9,66.3,3.2,64.2
Johor,Kulai,2023-01-01,165.9,161.6,4.3,83.6,66.5,2.6,64.8
Johor,Kulai,2024-01-01,173.3,169.4,3.9,86.2,66.8,2.3,65.3
Johor,Mersing,2018-01-01,32.2,31.4,0.8,22.4,59.0,2.5,57.5
Johor,Mersing,2019-01-01,33.2,32.4,0.8,21.8,60.4,2.4,58.9
Johor,Mersing,2020-01-01,33.8,32.6,1.1,21.6,61.0,3.3,58.8
Johor,Mersing,2021-01-01,33.2,32.0,1.2,22.4,59.7,3.5,57.6
Johor,Mersing,2022-01-01,33.6,32.6,1.0,22.2,60.3,2.9,58.4
Johor,Mersing,2023-01-01,34.3,33.5,0.8,22.4,60.4,2.4,59.1
Johor,Mersing,2024-01-01,35.4,34.7,0.7,22.3,61.3,2.0,60.1
Johor,Muar,2018-01-01,120.7,118.6,2.1,63.4,65.6,1.8,64.4
Johor,Muar,2019-01-01,126.4,124.3,2.1,60.7,67.5,1.7,66.4
Johor,Muar,2020-01-01,151.6,148.1,3.5,71.5,68.0,2.3,66.4
Johor,Muar,2021-01-01,152.5,148.7,3.9,71.6,68.0,2.5,66.4
Johor,Muar,2022-01-01,153.6,150.1,3.5,69.7,68.8,2.3,67.2
Johor,Muar,2023-01-01,157.7,154.8,2.9,70.9,69.0,1.8,67.7
Johor,Muar,2024-01-01,161.4,158.7,2.6,71.2,69.4,1.6,68.2
Johor,Pontian,2018-01-01,74.1,71.7,2.4,40.4,64.7,3.2,62.6
Johor,Pontian,2019-01-01,77.2,74.8,2.4,39.5,66.2,3.1,64.1
Johor,Pontian,2020-01-01,82.0,78.7,3.3,41.1,66.6,4.0,63.9
Johor,Pontian,2021-01-01,80.9,77.2,3.7,42.6,65.5,4.5,62.5
Johor,Pontian,2022-01-01,81.5,78.6,2.9,41.8,66.1,3.6,63.7
Johor,Pontian,2023-01-01,83.1,80.7,2.4,42.3,66.3,2.9,64.4
Johor,Pontian,2024-01-01,84.4,82.2,2.1,42.4,66.6,2.5,64.8
Johor,Segamat,2018-01-01,96.7,94.0,2.7,43.7,68.9,2.8,66.9
Johor,Segamat,2019-01-01,100.1,97.6,2.6,42.1,70.4,2.6,68.6
Johor,Segamat,2020-01-01,103.2,99.5,3.7,42.6,70.8,3.6,68.2
Johor,Segamat,2021-01-01,101.9,97.9,4.0,43.3,70.2,3.9,67.4
Johor,Segamat,2022-01-01,103.3,99.7,3.6,43.1,70.6,3.5,68.1
Johor,Segamat,2023-01-01,105.9,102.9,3.0,43.7,70.8,2.9,68.8
Johor,Segamat,2024-01-01,108.9,106.2,2.8,43.9,71.3,2.5,69.5
Johor,Tangkak,2018-01-01,62.1,60.6,1.5,37.7,62.2,2.3,60.8
Johor,Tangkak,2019-01-01,64.3,62.9,1.4,36.0,64.1,2.1,62.7
Johor,Tangkak,2020-01-01,76.0,73.9,2.1,41.6,64.6,2.8,62.8
Johor,Tangkak,2021-01-01,76.7,74.3,2.3,41.6,64.8,3.0,62.8
Johor,Tangkak,2022-01-01,77.9,76.0,1.9,41.5,65.2,2.4,63.7
Johor,Tangkak,2023-01-01,79.9,78.3,1.5,42.2,65.4,1.9,64.1
Johor,Tangkak,2024-01-01,82.0,80.6,1.4,42.3,65.9,1.7,64.8
Kedah,Baling,2018-01-01,68.6,66.9,1.7,32.5,67.9,2.4,66.2
Kedah,Baling,2019-01-01,70.5,68.9,1.6,33.3,67.9,2.3,66.4
Kedah,Baling,2020-01-01,63.2,60.8,2.4,30.4,67.5,3.8,65.0
Kedah,Baling,2021-01-01,63.9,61.9,2.0,30.4,67.8,3.1,65.6
Kedah,Baling,2022-01-01,64.7,63.2,1.4,30.1,68.2,2.2,66.7
Kedah,Baling,2023-01-01,66.4,64.9,1.4,29.3,69.4,2.2,67.8
Kedah,Baling,2024-01-01,68.2,67.0,1.2,28.7,70.4,1.8,69.1
Kedah,Bandar Baharu,2018-01-01,21.6,21.0,0.6,10.0,68.4,2.7,66.5
Kedah,Bandar Baharu,2019-01-01,22.6,22.0,0.6,10.4,68.4,2.6,66.7
Kedah,Bandar Baharu,2020-01-01,20.6,19.7,0.9,8.7,70.3,4.6,67.2
Kedah,Bandar Baharu,2021-01-01,20.6,19.7,0.9,8.9,69.9,4.3,66.8
Kedah,Bandar Baharu,2022-01-01,20.9,20.3,0.6,8.8,70.5,3.1,68.4
Kedah,Bandar Baharu,2023-01-01,21.5,20.9,0.6,8.5,71.7,3.0,69.7
Kedah,Bandar Baharu,2024-01-01,21.9,21.4,0.5,8.6,71.8,2.5,70.2
Kedah,Kota Setar,2018-01-01,169.6,163.3,6.4,105.2,61.7,3.8,59.4
Kedah,Kota Setar,2019-01-01,171.4,165.3,6.1,106.9,61.6,3.5,59.4
Kedah,Kota Setar,2020-01-01,154.2,146.3,7.9,93.9,62.2,5.1,59.0
Kedah,Kota Setar,2021-01-01,154.0,146.7,7.3,95.6,61.7,4.7,58.8
Kedah,Kota Setar,2022-01-01,155.5,149.7,5.8,94.8,62.1,3.7,59.8
Kedah,Kota Setar,2023-01-01,159.3,153.4,5.8,92.8,63.2,3.7,60.8
Kedah,Kota Setar,2024-01-01,162.6,157.4,5.3,92.1,63.8,3.2,61.8
Kedah,Kuala Muda,2018-01-01,214.6,208.9,5.8,137.4,61.0,2.7,59.3
Kedah,Kuala Muda,2019-01-01,214.7,209.1,5.6,140.6,60.4,2.6,58.9
Kedah,Kuala Muda,2020-01-01,223.9,215.6,8.3,146.1,60.5,3.7,58.3
Kedah,Kuala Muda,2021-01-01,226.3,218.6,7.8,144.3,61.1,3.4,59.0
Kedah,Kuala Muda,2022-01-01,229.8,223.9,5.9,144.1,61.5,2.6,59.9
Kedah,Kuala Muda,2023-01-01,238.0,232.1,6.0,142.7,62.5,2.5,61.0
Kedah,Kuala Muda,2024-01-01,244.5,239.1,5.5,144.9,62.8,2.2,61.4
Kedah,Kubang Pasu,2018-01-01,100.2,97.6,2.6,64.5,60.8,2.6,59.3
Kedah,Kubang Pasu,2019-01-01,102.3,99.9,2.4,65.8,60.8,2.3,59.4
Kedah,Kubang Pasu,2020-01-01,97.6,93.8,3.8,59.0,62.3,3.9,59.9
Kedah,Kubang Pasu,2021-01-01,101.7,98.0,3.7,61.7,62.2,3.7,60.0
Kedah,Kubang Pasu,2022-01-01,103.5,100.6,2.9,60.8,63.0,2.8,61.2
Kedah,Kubang Pasu,2023-01-01,106.1,103.2,2.9,59.5,64.1,2.7,62.3
Kedah,Kubang Pasu,2024-01-01,109.4,106.8,2.6,58.3,65.3,2.4,63.7
Kedah,Kulim,2018-01-01,151.0,147.6,3.4,72.6,67.5,2.2,66.0
Kedah,Kulim,2019-01-01,153.9,150.8,3.1,73.3,67.7,2.0,66.4
Kedah,Kulim,2020-01-01,152.2,146.9,5.4,78.8,65.9,3.5,63.6
Kedah,Kulim,2021-01-01,155.0,150.1,4.9,76.9,66.8,3.1,64.7
Kedah,Kulim,2022-01-01,156.9,153.5,3.5,76.5,67.2,2.2,65.8
Kedah,Kulim,2023-01-01,162.0,158.4,3.5,74.9,68.4,2.2,66.9
Kedah,Kulim,2024-01-01,166.4,163.2,3.2,74.8,69.0,1.9,67.7
Kedah,Langkawi,2018-01-01,50.6,48.7,1.9,23.4,68.3,3.8,65.8
Kedah,Langkawi,2019-01-01,51.3,49.4,1.9,24.0,68.1,3.7,65.6
Kedah,Langkawi,2020-01-01,43.8,40.8,3.0,19.8,68.9,6.9,64.2
Kedah,Langkawi,2021-01-01,44.4,41.1,3.3,19.4,69.5,7.3,64.4
Kedah,Langkawi,2022-01-01,45.0,42.4,2.6,19.3,70.0,5.8,65.9
Kedah,Langkawi,2023-01-01,46.3,43.7,2.6,18.8,71.2,5.7,67.1
Kedah,Langkawi,2024-01-01,48.1,45.7,2.4,18.1,72.6,4.9,69.0
Kedah,Padang Terap,2018-01-01,30.5,29.6,1.0,15.6,66.2,3.2,64.2
Kedah,Padang Terap,2019-01-01,31.7,30.7,1.0,16.8,65.3,3.0,63.3
Kedah,Padang Terap,2020-01-01,28.5,27.4,1.2,14.5,66.3,4.0,63.7
Kedah,Padang Terap,2021-01-01,29.3,28.2,1.1,14.3,67.2,3.6,64.7
Kedah,Padang Terap,2022-01-01,29.5,28.6,0.9,14.1,67.7,3.0,65.6
Kedah,Padang Terap,2023-01-01,30.2,29.3,0.9,13.7,68.9,3.0,66.7
Kedah,Padang Terap,2024-01-01,31.3,30.5,0.8,13.2,70.3,2.5,68.5
Kedah,Pendang,2018-01-01,44.3,43.0,1.3,25.3,63.6,2.9,61.8
Kedah,Pendang,2019-01-01,45.6,44.3,1.3,26.1,63.6,4.2,61.8
Kedah,Pendang,2020-01-01,41.9,39.9,2.0,22.6,64.9,4.7,61.9
Kedah,Pendang,2021-01-01,41.8,39.5,2.3,23.1,64.4,5.5,60.9
Kedah,Pendang,2022-01-01,42.3,40.5,1.8,23.0,64.8,4.3,62.0
Kedah,Pendang,2023-01-01,43.4,41.5,1.8,22.4,65.9,4.2,63.1
Kedah,Pendang,2024-01-01,44.6,43.0,1.6,22.0,66.9,3.5,64.6
Kedah,Pokok Sena,2018-01-01,23.6,22.9,0.7,13.8,63.2,3.1,61.2
Kedah,Pokok Sena,2019-01-01,24.0,23.3,0.7,13.6,63.8,3.1,62.0
Kedah,Pokok Sena,2020-01-01,22.0,20.9,1.0,10.9,66.9,4.7,63.5
Kedah,Pokok Sena,2021-01-01,22.1,21.2,0.9,11.0,66.7,4.1,64.0
Kedah,Pokok Sena,2022-01-01,22.3,21.6,0.7,10.9,67.2,3.1,65.1
Kedah,Pokok Sena,2023-01-01,22.8,22.1,0.7,10.6,68.3,3.0,66.2
Kedah,Pokok Sena,2024-01-01,23.5,22.9,0.6,10.3,69.4,2.5,67.8
Kedah,Sik,2018-01-01,32.1,31.1,1.1,19.0,62.8,3.3,60.9
Kedah,Sik,2019-01-01,31.8,30.8,1.0,20.2,61.1,3.2,59.2
Kedah,Sik,2020-01-01,27.3,26.5,0.9,17.1,61.5,3.1,59.7
Kedah,Sik,2021-01-01,27.5,26.6,0.9,17.3,61.4,3.3,59.4
Kedah,Sik,2022-01-01,27.8,27.1,0.7,17.2,61.8,2.4,60.2
Kedah,Sik,2023-01-01,28.5,27.9,0.7,16.8,62.9,2.3,61.6
Kedah,Sik,2024-01-01,29.4,28.8,0.6,16.5,64.0,2.0,62.7
Kedah,Yan,2018-01-01,29.9,28.8,1.2,19.7,60.4,4.0,58.1
Kedah,Yan,2019-01-01,30.3,29.2,1.1,20.2,60.0,3.8,57.8
Kedah,Yan,2020-01-01,29.2,28.4,0.8,18.7,60.9,2.7,59.3
Kedah,Yan,2021-01-01,29.3,28.4,0.9,19.0,60.7,3.1,58.8
Kedah,Yan,2022-01-01,29.8,29.1,0.7,18.9,61.1,2.3,59.8
Kedah,Yan,2023-01-01,30.6,29.9,0.7,18.6,62.2,2.2,60.8
Kedah,Yan,2024-01-01,31.4,30.8,0.6,18.4,63.0,1.9,61.8
Kelantan,Bachok,2018-01-01,57.5,55.7,1.8,41.9,57.8,3.2,56.0
Kelantan,Bachok,2019-01-01,57.1,55.3,1.8,45.0,55.9,3.1,54.2
Kelantan,Bachok,2020-01-01,56.3,54.2,2.1,48.2,53.9,3.8,51.9
Kelantan,Bachok,2021-01-01,56.5,54.5,2.0,49.1,53.5,3.5,51.6
Kelantan,Bachok,2022-01-01,57.1,55.3,1.8,49.5,53.6,3.1,51.9
Kelantan,Bachok,2023-01-01,59.1,57.2,1.8,49.5,54.4,3.1,52.7
Kelantan,Bachok,2024-01-01,60.6,58.7,1.9,50.0,54.8,3.2,53.1
Kelantan,Gua Musang,2018-01-01,43.7,42.1,1.6,29.3,59.9,3.7,57.7
Kelantan,Gua Musang,2019-01-01,43.7,42.1,1.5,31.2,58.4,3.5,56.2
Kelantan,Gua Musang,2020-01-01,30.9,29.7,1.2,30.0,50.8,3.9,48.8
Kelantan,Gua Musang,2021-01-01,30.3,29.1,1.1,30.5,49.8,3.8,47.9
Kelantan,Gua Musang,2022-01-01,31.1,30.0,1.1,30.7,50.3,3.5,48.5
Kelantan,Gua Musang,2023-01-01,33.1,32.0,1.1,31.8,50.9,3.3,49.3
Kelantan,Gua Musang,2024-01-01,35.1,33.9,1.2,33.3,51.3,3.3,49.6
Kelantan,Jeli,2018-01-01,19.1,18.6,0.5,13.1,59.3,2.7,57.8
Kelantan,Jeli,2019-01-01,19.0,18.5,0.5,14.0,57.6,2.7,56.1
Kelantan,Jeli,2020-01-01,20.7,20.1,0.6,16.5,55.6,3.1,54.0
Kelantan,Jeli,2021-01-01,20.6,20.0,0.6,17.5,54.1,3.1,52.5
Kelantan,Jeli,2022-01-01,21.0,20.5,0.5,17.5,54.5,2.4,53.2
Kelantan,Jeli,2023-01-01,21.8,21.3,0.5,17.7,55.2,2.2,53.9
Kelantan,Jeli,2024-01-01,22.5,22.0,0.5,17.9,55.7,2.3,54.5
Kelantan,Kecil Lojing,2018-01-01,,,,,,,
Kelantan,Kecil Lojing,2019-01-01,,,,,,,
Kelantan,Kecil Lojing,2020-01-01,3.1,2.9,0.2,3.3,48.5,6.0,45.3
Kelantan,Kecil Lojing,2021-01-01,3.1,2.9,0.2,3.4,47.8,5.9,44.6
Kelantan,Kecil Lojing,2022-01-01,3.2,3.0,0.2,3.4,48.0,5.7,45.5
Kelantan,Kecil Lojing,2023-01-01,3.3,3.1,0.2,3.5,48.4,5.5,45.6
Kelantan,Kecil Lojing,2024-01-01,3.5,3.3,0.2,3.7,48.8,5.6,45.8
Kelantan,Kota Bharu,2018-01-01,233.8,222.5,11.3,141.6,62.3,4.8,59.3
Kelantan,Kota Bharu,2019-01-01,233.2,222.0,11.2,151.2,60.7,4.8,57.8
Kelantan,Kota Bharu,2020-01-01,224.2,212.4,11.9,147.9,60.3,5.3,57.1
Kelantan,Kota Bharu,2021-01-01,226.2,215.0,11.1,150.3,60.1,4.9,57.1
Kelantan,Kota Bharu,2022-01-01,232.0,221.6,10.4,148.8,60.9,4.5,58.2
Kelantan,Kota Bharu,2023-01-01,241.9,231.1,10.8,144.8,62.6,4.4,59.8
Kelantan,Kota Bharu,2024-01-01,247.4,236.3,11.1,145.6,63.0,4.5,60.1
Kelantan,Kuala Krai,2018-01-01,53.1,51.8,1.3,32.8,61.8,2.5,60.3
Kelantan,Kuala Krai,2019-01-01,54.2,52.9,1.3,33.7,61.7,2.4,60.2
Kelantan,Kuala Krai,2020-01-01,40.2,39.2,1.0,27.6,59.3,2.5,57.8
Kelantan,Kuala Krai,2021-01-01,39.3,38.3,0.9,28.9,57.6,2.4,56.2
Kelantan,Kuala Krai,2022-01-01,39.8,39.0,0.8,29.2,57.7,2.1,56.5
Kelantan,Kuala Krai,2023-01-01,41.5,40.7,0.8,29.4,58.5,2.0,57.4
Kelantan,Kuala Krai,2024-01-01,43.1,42.2,0.9,30.0,59.0,2.1,57.7
Kelantan,Machang,2018-01-01,41.3,39.2,2.1,28.1,59.5,5.2,56.5
Kelantan,Machang,2019-01-01,41.7,39.7,2.0,28.8,59.1,4.9,56.3
Kelantan,Machang,2020-01-01,37.7,35.6,2.1,28.8,56.7,5.5,53.5
Kelantan,Machang,2021-01-01,38.5,36.3,2.2,30.2,56.0,5.7,52.8
Kelantan,Machang,2022-01-01,39.2,37.3,1.9,30.6,56.2,4.9,53.4
Kelantan,Machang,2023-01-01,40.8,38.8,2.0,30.7,57.1,4.8,54.3
Kelantan,Machang,2024-01-01,42.1,40.1,2.1,31.1,57.5,4.9,54.8
Kelantan,Pasir Mas,2018-01-01,82.7,78.6,4.1,59.7,58.1,4.9,55.2
Kelantan,Pasir Mas,2019-01-01,82.7,78.7,4.0,63.5,56.6,4.8,53.8
Kelantan,Pasir Mas,2020-01-01,76.2,72.8,3.3,66.3,53.5,4.4,51.1
Kelantan,Pasir Mas,2021-01-01,75.5,72.4,3.2,67.5,52.8,4.2,50.6
Kelantan,Pasir Mas,2022-01-01,77.1,74.2,2.9,67.9,53.2,3.8,51.2
Kelantan,Pasir Mas,2023-01-01,79.7,76.7,2.9,68.2,53.9,3.7,51.9
Kelantan,Pasir Mas,2024-01-01,82.0,78.9,3.1,69.0,54.3,3.8,52.3
Kelantan,Pasir Puteh,2018-01-01,54.4,52.6,1.8,34.9,60.9,3.3,58.9
Kelantan,Pasir Puteh,2019-01-01,52.7,51.0,1.7,38.3,57.9,3.3,56.0
Kelantan,Pasir Puteh,2020-01-01,46.4,44.9,1.5,35.3,56.8,3.2,55.0
Kelantan,Pasir Puteh,2021-01-01,46.2,44.7,1.5,36.3,56.0,3.3,54.2
Kelantan,Pasir Puteh,2022-01-01,47.3,45.9,1.4,36.9,56.1,3.0,54.5
Kelantan,Pasir Puteh,2023-01-01,49.5,48.0,1.4,37.0,57.2,2.9,55.5
Kelantan,Pasir Puteh,2024-01-01,51.0,49.5,1.5,37.4,57.7,3.0,56.0
Kelantan,Tanah Merah,2018-01-01,56.1,54.5,1.6,37.8,59.8,2.9,58.0
Kelantan,Tanah Merah,2019-01-01,56.5,55.0,1.5,40.2,58.4,2.7,56.9
Kelantan,Tanah Merah,2020-01-01,53.1,51.5,1.6,41.6,56.0,3.0,54.4
Kelantan,Tanah Merah,2021-01-01,52.2,50.9,1.3,44.0,54.3,2.5,52.9
Kelantan,Tanah Merah,2022-01-01,53.2,52.1,1.1,44.3,54.6,2.1,53.4
Kelantan,Tanah Merah,2023-01-01,55.5,54.3,1.2,44.7,55.4,2.1,54.2
Kelantan,Tanah Merah,2024-01-01,57.3,56.0,1.2,45.3,55.8,2.2,54.6
Kelantan,Tumpat,2018-01-01,70.1,67.7,2.4,46.3,60.2,3.4,58.2
Kelantan,Tumpat,2019-01-01,69.6,67.2,2.4,49.6,58.4,3.5,56.4
Kelantan,Tumpat,2020-01-01,56.3,54.5,1.8,50.7,52.6,3.2,50.9
Kelantan,Tumpat,2021-01-01,55.9,54.2,1.8,52.1,51.8,3.2,50.2
Kelantan,Tumpat,2022-01-01,57.1,55.5,1.5,52.2,52.2,2.7,50.8
Kelantan,Tumpat,2023-01-01,59.2,57.7,1.5,52.6,53.0,2.5,51.6
Kelantan,Tumpat,2024-01-01,61.2,59.7,1.6,53.5,53.4,2.5,52.0
Melaka,Alor Gajah,2018-01-01,92.7,91.3,1.4,47.7,66.0,1.5,65.0
Melaka,Alor Gajah,2019-01-01,95.3,93.8,1.5,46.3,67.3,1.6,66.2
Melaka,Alor Gajah,2020-01-01,125.9,122.4,3.5,60.2,67.6,2.8,65.8
Melaka,Alor Gajah,2021-01-01,129.8,126.0,3.8,56.9,69.5,2.9,67.5
Melaka,Alor Gajah,2022-01-01,134.6,131.4,3.1,53.0,71.7,2.3,70.0
Melaka,Alor Gajah,2023-01-01,137.8,134.5,3.2,53.6,72.0,2.3,70.3
Melaka,Alor Gajah,2024-01-01,142.6,139.4,3.3,53.8,72.6,2.3,71.0
Melaka,Jasin,2018-01-01,63.9,63.3,0.6,37.9,62.8,0.9,62.2
Melaka,Jasin,2019-01-01,66.3,65.7,0.5,37.7,63.8,0.8,63.2
Melaka,Jasin,2020-01-01,70.2,69.0,1.2,39.8,63.8,1.7,62.7
Melaka,Jasin,2021-01-01,73.9,72.9,1.0,39.1,65.4,1.3,64.5
Melaka,Jasin,2022-01-01,73.2,72.3,0.9,37.6,66.1,1.2,65.3
Melaka,Jasin,2023-01-01,73.2,72.3,0.9,37.3,66.2,1.2,65.4
Melaka,Jasin,2024-01-01,74.6,73.7,0.9,37.2,66.7,1.2,65.9
Melaka,Melaka Tengah,2018-01-01,264.6,262.1,2.4,125.7,67.8,0.9,67.2
Melaka,Melaka Tengah,2019-01-01,271.3,268.8,2.6,123.6,68.7,0.9,68.1
Melaka,Melaka Tengah,2020-01-01,268.8,262.4,6.4,136.9,66.3,2.4,64.7
Melaka,Melaka Tengah,2021-01-01,276.0,270.7,5.3,129.0,68.1,1.9,66.8
Melaka,Melaka Tengah,2022-01-01,286.8,282.6,4.2,123.0,70.0,1.5,69.0
Melaka,Melaka Tengah,2023-01-01,297.1,292.9,4.2,126.2,70.2,1.4,69.2
Melaka,Melaka Tengah,2024-01-01,308.1,303.9,4.2,127.6,70.7,1.4,69.7
Negeri Sembilan,Jelebu,2018-01-01,18.8,18.3,0.6,11.2,62.7,2.9,61.0
Negeri Sembilan,Jelebu,2019-01-01,18.8,18.2,0.6,12.0,61.0,3.0,59.1
Negeri Sembilan,Jelebu,2020-01-01,17.5,16.6,0.8,10.5,62.4,4.8,59.3
Negeri Sembilan,Jelebu,2021-01-01,17.5,16.8,0.8,10.3,62.9,4.4,60.4
Negeri Sembilan,Jelebu,2022-01-01,18.0,17.4,0.7,10.4,63.3,3.8,61.3
Negeri Sembilan,Jelebu,2023-01-01,19.0,18.4,0.7,10.8,63.8,3.5,61.7
Negeri Sembilan,Jelebu,2024-01-01,19.9,19.2,0.7,11.1,64.1,3.5,61.9
Negeri Sembilan,Jempol,2018-01-01,47.8,46.3,1.5,28.5,62.6,3.0,60.7
Negeri Sembilan,Jempol,2019-01-01,47.7,46.3,1.4,27.2,63.7,3.0,61.8
Negeri Sembilan,Jempol,2020-01-01,51.7,49.8,1.8,30.4,62.9,3.5,60.7
Negeri Sembilan,Jempol,2021-01-01,51.3,49.4,1.9,30.3,62.9,3.8,60.5
Negeri Sembilan,Jempol,2022-01-01,52.1,50.3,1.8,29.6,63.7,3.4,61.6
Negeri Sembilan,Jempol,2023-01-01,53.6,51.8,1.8,29.3,64.7,3.4,62.5
Negeri Sembilan,Jempol,2024-01-01,54.9,53.0,1.9,29.5,65.1,3.4,62.8
Negeri Sembilan,Kuala Pilah,2018-01-01,31.8,30.7,1.1,14.4,68.8,3.3,66.5
Negeri Sembilan,Kuala Pilah,2019-01-01,31.5,30.4,1.1,14.1,69.1,3.5,66.7
Negeri Sembilan,Kuala Pilah,2020-01-01,29.6,28.2,1.4,18.6,61.4,4.9,58.5
Negeri Sembilan,Kuala Pilah,2021-01-01,28.6,27.0,1.5,19.3,59.6,5.3,56.4
Negeri Sembilan,Kuala Pilah,2022-01-01,29.2,27.8,1.4,19.0,60.5,4.7,57.7
Negeri Sembilan,Kuala Pilah,2023-01-01,30.2,28.8,1.4,18.9,61.5,4.8,58.7
Negeri Sembilan,Kuala Pilah,2024-01-01,31.0,29.5,1.5,19.0,62.0,4.7,59.0
Negeri Sembilan,Port Dickson,2018-01-01,57.3,55.4,1.8,31.6,64.4,3.2,62.3
Negeri Sembilan,Port Dickson,2019-01-01,57.1,55.3,1.8,31.6,64.4,3.2,62.3
Negeri Sembilan,Port Dickson,2020-01-01,57.8,54.7,3.1,30.0,65.8,5.3,62.3
Negeri Sembilan,Port Dickson,2021-01-01,56.8,53.4,3.5,31.3,64.5,6.1,60.6
Negeri Sembilan,Port Dickson,2022-01-01,58.6,55.8,2.9,30.7,65.6,4.9,62.5
Negeri Sembilan,Port Dickson,2023-01-01,61.2,58.5,2.6,30.6,66.6,4.3,63.7
Negeri Sembilan,Port Dickson,2024-01-01,62.9,60.2,2.7,31.0,67.0,4.2,64.1
Negeri Sembilan,Rembau,2018-01-01,20.4,19.7,0.7,9.5,68.3,3.3,65.9
Negeri Sembilan,Rembau,2019-01-01,20.2,19.5,0.7,10.0,66.9,3.4,64.6
Negeri Sembilan,Rembau,2020-01-01,21.4,20.5,0.9,11.6,64.8,4.0,62.1
Negeri Sembilan,Rembau,2021-01-01,21.2,20.3,0.8,11.9,64.1,3.9,61.3
Negeri Sembilan,Rembau,2022-01-01,21.6,20.9,0.7,11.6,65.0,3.4,63.0
Negeri Sembilan,Rembau,2023-01-01,22.4,21.6,0.8,11.4,66.3,3.5,63.9
Negeri Sembilan,Rembau,2024-01-01,22.8,22.0,0.8,11.4,66.7,3.5,64.3
Negeri Sembilan,Seremban,2018-01-01,286.4,278.5,7.8,145.3,66.3,2.7,64.5
Negeri Sembilan,Seremban,2019-01-01,281.5,273.4,8.1,154.6,64.6,2.9,62.7
Negeri Sembilan,Seremban,2020-01-01,317.3,306.5,10.8,164.3,65.9,3.4,63.6
Negeri Sembilan,Seremban,2021-01-01,315.1,303.9,11.1,169.3,65.0,3.5,62.7
Negeri Sembilan,Seremban,2022-01-01,318.8,309.2,9.6,165.7,65.8,3.0,63.8
Negeri Sembilan,Seremban,2023-01-01,328.9,319.7,9.2,162.4,66.9,2.8,65.1
Negeri Sembilan,Seremban,2024-01-01,336.1,327.0,9.1,161.1,67.6,2.7,65.8
Negeri Sembilan,Tampin,2018-01-01,41.1,39.6,1.5,21.3,65.9,3.7,63.5
Negeri Sembilan,Tampin,2019-01-01,41.1,39.5,1.6,22.7,64.4,3.9,61.9
Negeri Sembilan,Tampin,2020-01-01,36.0,34.7,1.3,19.9,64.4,3.5,62.1
Negeri Sembilan,Tampin,2021-01-01,36.1,34.8,1.4,20.4,63.9,3.7,61.6
Negeri Sembilan,Tampin,2022-01-01,36.9,35.8,1.2,20.0,64.8,3.2,62.9
Negeri Sembilan,Tampin,2023-01-01,38.5,37.4,1.2,20.1,65.8,3.1,63.8
Negeri Sembilan,Tampin,2024-01-01,39.7,38.5,1.2,20.2,66.3,3.0,64.3
Pahang,Bentong,2018-01-01,60.5,58.8,1.7,30.8,66.3,2.8,64.4
Pahang,Bentong,2019-01-01,60.3,58.4,1.9,31.6,65.6,3.2,63.5
Pahang,Bentong,2020-01-01,52.5,50.7,1.8,26.8,66.2,3.4,63.9
Pahang,Bentong,2021-01-01,51.5,50.0,1.4,27.5,65.2,2.8,63.3
Pahang,Bentong,2022-01-01,52.8,51.8,1.1,28.0,65.4,2.1,64.1
Pahang,Bentong,2023-01-01,55.7,54.9,0.8,28.6,66.1,1.5,65.1
Pahang,Bentong,2024-01-01,57.4,56.5,0.9,29.1,66.3,1.5,65.3
Pahang,Bera,2018-01-01,42.5,41.4,1.1,27.0,61.1,2.5,59.6
Pahang,Bera,2019-01-01,43.3,42.1,1.2,26.9,61.7,2.8,60.0
Pahang,Bera,2020-01-01,35.2,33.9,1.3,29.2,54.7,3.8,52.6
Pahang,Bera,2021-01-01,34.2,32.9,1.3,30.7,52.7,3.9,50.7
Pahang,Bera,2022-01-01,35.2,34.3,1.0,31.2,53.0,2.8,51.7
Pahang,Bera,2023-01-01,36.7,35.7,1.0,31.7,53.6,2.8,52.2
Pahang,Bera,2024-01-01,37.8,36.7,1.1,32.3,53.9,2.8,52.4
Pahang,Cameron Highland,2018-01-01,20.9,20.4,0.5,9.0,69.9,2.2,68.2
Pahang,Cameron Highland,2019-01-01,21.4,20.9,0.5,8.5,71.4,2.3,69.9
Pahang,Cameron Highland,2020-01-01,19.6,19.0,0.7,7.2,73.0,3.3,70.9
Pahang,Cameron Highlands,2021-01-01,18.8,18.3,0.5,7.8,70.6,2.6,68.8
Pahang,Cameron Highlands,2022-01-01,19.5,19.2,0.3,8.0,71.0,1.6,69.8
Pahang,Cameron Highlands,2023-01-01,21.0,20.7,0.3,8.3,71.6,1.5,70.6
Pahang,Cameron Highlands,2024-01-01,23.7,23.3,0.3,9.3,71.8,1.5,70.6
Pahang,Jerantut,2018-01-01,44.8,43.6,1.2,23.2,65.9,2.7,64.1
Pahang,Jerantut,2019-01-01,44.8,43.5,1.3,24.0,65.1,3.0,63.2
Pahang,Jerantut,2020-01-01,41.5,39.9,1.6,21.4,66.0,3.9,63.4
Pahang,Jerantut,2021-01-01,39.5,37.9,1.6,23.5,62.7,4.0,60.2
Pahang,Jerantut,2022-01-01,40.6,39.4,1.2,23.9,63.0,2.9,61.1
Pahang,Jerantut,2023-01-01,42.1,40.9,1.2,24.3,63.5,2.8,61.6
Pahang,Jerantut,2024-01-01,43.4,42.2,1.2,24.7,63.7,2.8,62.0
Pahang,Kuantan,2018-01-01,239.5,233.3,6.2,103.3,69.9,2.6,68.1
Pahang,Kuantan,2019-01-01,241.6,234.5,7.1,102.7,70.2,2.9,68.1
Pahang,Kuantan,2020-01-01,265.2,257.5,7.7,108.6,70.9,2.9,68.9
Pahang,Kuantan,2021-01-01,266.9,258.3,8.5,114.4,70.0,3.2,67.7
Pahang,Kuantan,2022-01-01,271.3,265.1,6.2,114.3,70.4,2.3,68.8
Pahang,Kuantan,2023-01-01,279.4,274.2,5.2,114.7,70.9,1.9,69.6
Pahang,Kuantan,2024-01-01,285.0,279.7,5.3,115.7,71.1,1.9,69.8
Pahang,Lipis,2018-01-01,41.9,40.8,1.1,25.0,62.6,2.5,61.0
Pahang,Lipis,2019-01-01,41.6,40.4,1.2,26.2,61.3,2.9,59.6
Pahang,Lipis,2020-01-01,36.2,35.2,1.0,28.8,55.7,2.8,54.2
Pahang,Lipis,2021-01-01,35.0,34.1,0.9,30.3,53.6,2.5,52.2
Pahang,Lipis,2022-01-01,35.9,35.3,0.5,31.0,53.7,1.4,52.8
Pahang,Lipis,2023-01-01,37.6,37.2,0.4,31.7,54.3,1.2,53.7
Pahang,Lipis,2024-01-01,39.2,38.7,0.5,32.7,54.5,1.2,53.8
Pahang,Maran,2018-01-01,54.5,53.4,1.1,28.2,65.9,2.0,64.6
Pahang,Maran,2019-01-01,54.5,53.2,1.3,29.5,64.9,2.4,63.3
Pahang,Maran,2020-01-01,46.3,45.1,1.1,25.4,64.6,2.5,62.9
Pahang,Maran,2021-01-01,47.0,45.5,1.5,25.9,64.4,3.1,62.4
Pahang,Maran,2022-01-01,48.1,47.0,1.1,26.5,64.5,2.2,63.0
Pahang,Maran,2023-01-01,50.4,49.5,0.9,27.0,65.1,1.8,64.0
Pahang,Maran,2024-01-01,52.3,51.4,0.9,27.7,65.4,1.8,64.2
Pahang,Pekan,2018-01-01,51.8,50.5,1.4,26.1,66.5,2.6,64.8
Pahang,Pekan,2019-01-01,52.6,51.1,1.5,26.5,66.5,2.8,64.6
Pahang,Pekan,2020-01-01,58.1,56.3,1.8,27.2,68.1,3.1,66.0
Pahang,Pekan,2021-01-01,55.2,53.4,1.9,30.8,64.2,3.4,62.1
Pahang,Pekan,2022-01-01,55.6,54.2,1.4,30.8,64.3,2.5,62.7
Pahang,Pekan,2023-01-01,57.1,56.0,1.1,31.1,64.7,2.0,63.5
Pahang,Pekan,2024-01-01,58.2,57.1,1.2,31.4,65.0,2.0,63.7
Pahang,Raub,2018-01-01,45.2,44.1,1.1,24.3,65.0,2.5,63.5
Pahang,Raub,2019-01-01,45.2,43.9,1.3,25.1,64.3,2.9,62.4
Pahang,Raub,2020-01-01,41.1,39.6,1.5,22.7,64.4,3.7,62.1
Pahang,Raub,2021-01-01,40.0,38.6,1.4,24.3,62.2,3.6,60.0
Pahang,Raub,2022-01-01,41.2,40.1,1.1,24.7,62.5,2.7,60.8
Pahang,Raub,2023-01-01,43.3,42.1,1.1,25.4,63.0,2.6,61.3
Pahang,Raub,2024-01-01,44.7,43.6,1.2,26.0,63.3,2.6,61.7
Pahang,Rompin,2018-01-01,53.2,51.6,1.5,29.8,64.1,2.9,62.2
Pahang,Rompin,2019-01-01,54.2,52.4,1.7,30.9,63.7,3.2,61.6
Pahang,Rompin,2020-01-01,40.1,39.0,1.1,26.0,60.6,2.8,59.0
Pahang,Rompin,2021-01-01,39.9,38.6,1.3,28.0,58.8,3.2,56.8
Pahang,Rompin,2022-01-01,39.7,38.8,0.9,27.5,59.1,2.3,57.7
Pahang,Rompin,2023-01-01,40.4,39.7,0.8,27.4,59.6,1.9,58.6
Pahang,Rompin,2024-01-01,41.1,40.3,0.8,27.6,59.8,1.9,58.7
Pahang,Temerloh,2018-01-01,80.8,78.6,2.2,42.3,65.6,2.7,63.9
Pahang,Temerloh,2019-01-01,81.6,79.2,2.4,43.1,65.4,2.9,63.5
Pahang,Temerloh,2020-01-01,67.5,65.1,2.5,40.0,62.8,3.6,60.6
Pahang,Temerloh,2021-01-01,66.7,64.4,2.3,41.8,61.5,3.5,59.4
Pahang,Temerloh,2022-01-01,68.9,67.1,1.8,42.5,61.9,2.6,60.2
Pahang,Temerloh,2023-01-01,72.0,70.1,1.8,43.4,62.4,2.5,60.7
Pahang,Temerloh,2024-01-01,74.7,72.8,1.9,44.6,62.6,2.5,61.0
Perak,Bagan Datuk,2018-01-01,,,,,,,
Perak,Bagan Datuk,2019-01-01,,,,,,,
Perak,Bagan Datuk,2020-01-01,30.5,28.5,2.1,31.8,49.0,6.8,45.7
Perak,Bagan Datuk,2021-01-01,31.6,29.2,2.4,32.0,49.7,7.7,45.9
Perak,Bagan Datuk,2022-01-01,32.1,30.0,2.1,30.4,51.3,6.4,48.0
Perak,Bagan Datuk,2023-01-01,33.4,31.5,2.0,30.0,52.7,5.9,49.7
Perak,Bagan Datuk,2024-01-01,34.4,32.7,1.7,29.8,53.6,5.0,50.9
Perak,Batang Padang,2018-01-01,82.2,79.3,2.8,48.0,63.1,3.4,60.9
Perak,Batang Padang,2019-01-01,83.7,80.7,3.0,45.0,65.0,3.6,62.7
Perak,Batang Padang,2020-01-01,36.1,33.6,2.5,46.7,43.6,7.1,40.6
Perak,Batang Padang,2021-01-01,37.5,34.4,3.1,46.8,44.5,8.2,40.8
Perak,Batang Padang,2022-01-01,38.0,35.3,2.7,46.0,45.3,7.2,42.0
Perak,Batang Padang,2023-01-01,39.4,36.9,2.5,45.5,46.4,6.3,43.5
Perak,Batang Padang,2024-01-01,40.5,38.1,2.4,45.2,47.2,5.9,44.5
Perak,Hilir Perak,2018-01-01,94.0,90.9,3.1,58.5,61.6,3.3,59.6
Perak,Hilir Perak,2019-01-01,95.4,92.1,3.2,58.0,62.2,3.4,60.0
Perak,Hilir Perak,2020-01-01,41.6,38.3,3.3,56.7,42.3,7.9,39.0
Perak,Hilir Perak,2021-01-01,43.2,39.6,3.6,57.9,42.8,8.3,39.2
Perak,Hilir Perak,2022-01-01,43.1,39.6,3.5,55.6,43.7,8.2,40.1
Perak,Hilir Perak,2023-01-01,44.5,41.1,3.4,54.3,45.0,7.7,41.6
Perak,Hilir Perak,2024-01-01,45.2,41.8,3.4,53.1,46.0,7.4,42.5
Perak,Hulu Perak,2018-01-01,45.6,44.0,1.5,22.1,67.4,3.3,65.0
Perak,Hulu Perak,2019-01-01,45.9,44.3,1.6,22.2,67.4,3.4,65.1
Perak,Hulu Perak,2020-01-01,28.1,26.1,2.0,33.0,45.9,7.0,42.7
Perak,Hulu Perak,2021-01-01,28.5,26.2,2.3,33.4,46.1,8.1,42.3
Perak,Hulu Perak,2022-01-01,29.3,27.2,2.1,33.4,46.7,7.1,43.4
Perak,Hulu Perak,2023-01-01,31.1,29.2,1.9,32.9,48.6,6.1,45.6
Perak,Hulu Perak,2024-01-01,32.5,30.7,1.8,33.1,49.6,5.4,46.8
Perak,Kampar,2018-01-01,43.1,41.4,1.8,26.2,62.2,4.1,59.7
Perak,Kampar,2019-01-01,43.6,41.7,1.8,25.8,62.8,4.2,60.1
Perak,Kampar,2020-01-01,42.9,40.7,2.2,25.8,62.4,5.1,59.2
Perak,Kampar,2021-01-01,43.5,40.8,2.6,24.8,63.7,6.0,59.7
Perak,Kampar,2022-01-01,43.9,41.6,2.4,24.4,64.3,5.4,60.9
Perak,Kampar,2023-01-01,44.3,42.2,2.1,24.8,64.1,4.7,61.1
Perak,Kampar,2024-01-01,45.0,43.0,2.0,25.1,64.2,4.4,61.3
Perak,Kerian,2018-01-01,75.4,72.8,2.6,51.9,59.2,3.4,57.2
Perak,Kerian,2019-01-01,76.4,73.7,2.7,51.8,59.6,3.6,57.5
Perak,Kerian,2020-01-01,74.8,71.4,3.4,38.7,65.9,4.6,62.9
Perak,Kerian,2021-01-01,76.7,72.6,4.2,38.1,66.8,5.5,63.2
Perak,Kerian,2022-01-01,78.2,74.4,3.8,36.7,68.1,4.8,64.8
Perak,Kerian,2023-01-01,80.0,76.4,3.5,36.1,68.9,4.4,65.8
Perak,Kerian,2024-01-01,81.5,78.1,3.4,35.3,69.8,4.2,66.9
Perak,Kinta,2018-01-01,354.9,344.7,10.2,196.1,64.4,2.9,62.6
Perak,Kinta,2019-01-01,356.2,345.5,10.7,194.7,64.7,3.0,62.7
Perak,Kinta,2020-01-01,431.3,416.3,15.0,168.5,71.9,3.5,69.4
Perak,Kinta,2021-01-01,434.5,420.0,14.5,167.8,72.1,3.3,69.7
Perak,Kinta,2022-01-01,436.1,422.2,13.9,169.6,72.0,3.2,69.7
Perak,Kinta,2023-01-01,447.4,434.8,12.6,173.0,72.1,2.8,70.1
Perak,Kinta,2024-01-01,460.5,448.5,12.0,174.9,72.5,2.6,70.6
Perak,Kuala Kangsar,2018-01-01,68.5,66.4,2.1,46.5,59.6,3.1,57.7
Perak,Kuala Kangsar,2019-01-01,69.5,67.3,2.2,46.1,60.1,3.1,58.2
Perak,Kuala Kangsar,2020-01-01,74.6,70.8,3.7,41.8,64.1,5.0,60.8
Perak,Kuala Kangsar,2021-01-01,75.4,71.1,4.3,41.5,64.5,5.7,60.8
Perak,Kuala Kangsar,2022-01-01,76.4,72.3,4.1,41.6,64.7,5.3,61.3
Perak,Kuala Kangsar,2023-01-01,77.5,73.9,3.5,42.6,64.5,4.6,61.5
Perak,Kuala Kangsar,2024-01-01,79.1,75.7,3.4,43.3,64.6,4.3,61.8
Perak,Larut & Matang,2018-01-01,154.4,148.9,5.5,83.5,64.9,3.6,62.6
Perak,Larut & Matang,2019-01-01,156.3,150.4,5.9,84.3,65.0,3.8,62.5
Perak,Larut & Matang,2020-01-01,123.6,118.6,5.0,53.6,69.7,4.0,66.9
Perak,Larut & Matang,2021-01-01,126.4,121.5,4.9,51.3,71.1,3.9,68.4
Perak,Larut & Matang,2022-01-01,127.2,122.8,4.4,50.6,71.5,3.5,69.1
Perak,Larut & Matang,2023-01-01,129.8,125.7,4.0,50.7,71.9,3.1,69.6
Perak,Larut & Matang,2024-01-01,132.2,128.5,3.7,50.5,72.3,2.8,70.3
Perak,Manjung,2021-01-01,117.6,112.2,5.4,53.6,68.7,4.6,65.5
Perak,Manjung,2022-01-01,118.5,113.7,4.8,52.1,69.5,4.1,66.6
Perak,Manjung,2023-01-01,122.0,117.8,4.2,51.8,70.2,3.4,67.8
Perak,Manjung,2024-01-01,125.4,121.5,3.8,51.3,71.0,3.1,68.8
Perak,Manjung (Dinding),2018-01-01,109.8,105.8,4.0,59.8,64.7,3.6,62.4
Perak,Manjung (Dinding),2019-01-01,110.7,106.5,4.2,61.8,64.1,3.8,61.7
Perak,Manjung (Dinding),2020-01-01,114.6,109.7,4.9,54.3,67.8,4.3,64.9
Perak,Muallim,2018-01-01,,,,,,,
Perak,Muallim,2019-01-01,,,,,,,
Perak,Muallim,2020-01-01,38.4,36.6,1.7,19.4,66.5,4.5,63.3
Perak,Muallim,2021-01-01,39.5,37.4,2.1,19.3,67.2,5.2,63.6
Perak,Muallim,2022-01-01,40.3,38.3,1.9,18.2,68.8,4.8,65.5
Perak,Muallim,2023-01-01,41.4,39.6,1.8,17.6,70.1,4.3,67.1
Perak,Muallim,2024-01-01,42.1,40.4,1.7,17.3,70.9,4.0,68.0
Perak,Perak Tengah,2018-01-01,41.8,40.4,1.4,28.5,59.4,3.4,57.5
Perak,Perak Tengah,2019-01-01,42.8,41.3,1.5,28.5,60.1,3.5,57.9
Perak,Perak Tengah,2020-01-01,45.2,43.2,2.0,21.5,67.7,4.4,64.8
Perak,Perak Tengah,2021-01-01,45.7,43.4,2.3,20.9,68.6,5.0,65.2
Perak,Perak Tengah,2022-01-01,46.3,44.1,2.2,20.9,69.0,4.8,65.6
Perak,Perak Tengah,2023-01-01,48.0,46.0,2.0,20.4,70.2,4.3,67.3
Perak,Perak Tengah,2024-01-01,49.5,47.6,1.9,20.3,70.9,3.8,68.2
Perak,Selama,2018-01-01,,,,,,,
Perak,Selama,2019-01-01,,,,,,,
Perak,Selama,2020-01-01,9.1,8.2,0.9,13.7,40.0,9.5,36.0
Perak,Selama,2021-01-01,9.4,8.4,1.0,13.4,41.3,10.9,36.8
Perak,Selama,2022-01-01,9.7,8.7,1.0,13.2,42.5,10.7,38.0
Perak,Selama,2023-01-01,10.1,9.2,0.9,13.1,43.6,9.0,39.7
Perak,Selama,2024-01-01,10.4,9.5,0.9,13.0,44.5,8.9,40.6
Pulau Pinang,Barat Daya,2018-01-01,108.1,106.3,1.9,55.0,66.3,1.7,65.2
Pulau Pinang,Barat Daya,2019-01-01,111.1,109.4,1.7,53.7,67.4,1.5,66.4
Pulau Pinang,Barat Daya,2020-01-01,118.5,114.7,3.8,53.7,68.8,3.2,66.6
Pulau Pinang,Barat Daya,2021-01-01,120.8,118.0,2.8,52.0,69.9,2.3,68.3
Pulau Pinang,Barat Daya,2022-01-01,122.4,120.5,1.9,51.1,70.6,1.6,69.5
Pulau Pinang,Barat Daya,2023-01-01,126.6,125.2,1.4,50.0,71.7,1.1,70.9
Pulau Pinang,Barat Daya,2024-01-01,129.1,127.9,1.2,50.4,71.9,0.9,71.3
Pulau Pinang,Seberang Perai Selatan,2018-01-01,102.1,100.0,2.2,34.9,74.5,2.1,73.0
Pulau Pinang,Seberang Perai Selatan,2019-01-01,102.7,100.7,2.0,35.5,74.3,1.9,72.9
Pulau Pinang,Seberang Perai Selatan,2020-01-01,104.5,100.6,3.9,33.1,76.0,3.7,73.1
Pulau Pinang,Seberang Perai Selatan,2021-01-01,107.7,102.3,5.4,31.4,77.4,5.0,73.5
Pulau Pinang,Seberang Perai Selatan,2022-01-01,107.1,102.7,4.4,30.4,77.9,4.1,74.7
Pulau Pinang,Seberang Perai Selatan,2023-01-01,109.0,105.5,3.5,28.6,79.2,3.3,76.7
Pulau Pinang,Seberang Perai Selatan,2024-01-01,110.3,107.0,3.3,27.5,80.0,3.0,77.6
Pulau Pinang,Seberang Perai Tengah,2018-01-01,217.1,213.6,3.5,93.3,69.9,1.6,68.8
Pulau Pinang,Seberang Perai Tengah,2019-01-01,213.7,210.7,3.0,98.4,68.5,1.4,67.5
Pulau Pinang,Seberang Perai Tengah,2020-01-01,215.9,209.9,6.0,97.0,69.0,2.8,67.1
Pulau Pinang,Seberang Perai Tengah,2021-01-01,220.2,211.9,8.3,91.5,70.6,3.8,68.0
Pulau Pinang,Seberang Perai Tengah,2022-01-01,222.8,217.4,5.4,89.6,71.3,2.4,69.6
Pulau Pinang,Seberang Perai Tengah,2023-01-01,232.6,227.8,4.8,87.5,72.7,2.1,71.2
Pulau Pinang,Seberang Perai Tengah,2024-01-01,238.7,234.2,4.5,88.4,73.0,1.9,71.6
Pulau Pinang,Seberang Perai Utara,2018-01-01,149.8,145.9,3.9,85.3,63.7,2.6,62.1
Pulau Pinang,Seberang Perai Utara,2019-01-01,150.0,146.7,3.3,87.1,63.3,2.2,61.9
Pulau Pinang,Seberang Perai Utara,2020-01-01,153.0,146.6,6.4,90.3,62.9,4.2,60.3
Pulau Pinang,Seberang Perai Utara,2021-01-01,157.3,150.1,7.2,86.8,64.4,4.6,61.5
Pulau Pinang,Seberang Perai Utara,2022-01-01,160.1,154.3,5.8,85.0,65.3,3.6,63.0
Pulau Pinang,Seberang Perai Utara,2023-01-01,164.9,159.8,5.0,83.7,66.3,3.0,64.3
Pulau Pinang,Seberang Perai Utara,2024-01-01,169.5,164.9,4.6,82.1,67.4,2.7,65.5
Pulau Pinang,Timur Laut,2018-01-01,272.3,265.1,7.2,136.6,66.6,2.7,64.8
Pulau Pinang,Timur Laut,2019-01-01,274.6,267.9,6.7,139.5,66.3,2.5,64.7
Pulau Pinang,Timur Laut,2020-01-01,275.1,264.3,10.8,134.1,67.2,3.9,64.6
Pulau Pinang,Timur Laut,2021-01-01,280.3,272.0,8.3,128.2,68.6,3.0,66.6
Pulau Pinang,Timur Laut,2022-01-01,283.2,276.1,7.1,125.1,69.4,2.5,67.6
Pulau Pinang,Timur Laut,2023-01-01,293.1,287.3,5.8,123.3,70.4,2.0,69.0
Pulau Pinang,Timur Laut,2024-01-01,302.6,297.1,5.4,121.2,71.4,1.8,70.1
Sabah,Beaufort,2018-01-01,38.9,36.7,2.1,16.0,70.8,5.5,66.8
Sabah,Beaufort,2019-01-01,41.2,38.9,2.2,15.2,73.0,5.5,69.0
Sabah,Beaufort,2020-01-01,,26.3,2.9,16.8,63.4,10.0,
Sabah,Beaufort,2021-01-01,29.7,26.5,3.2,17.2,63.3,10.9,56.5
Sabah,Beaufort,2022-01-01,30.4,27.6,2.8,16.9,64.3,9.3,58.4
Sabah,Beaufort,2023-01-01,32.1,29.1,3.0,16.7,65.8,9.3,59.6
Sabah,Beaufort,2024-01-01,33.2,30.1,3.1,16.8,66.4,9.4,60.2
Sabah,Beluran,2018-01-01,70.4,65.7,4.6,30.1,70.1,6.6,65.4
Sabah,Beluran,2019-01-01,75.7,71.1,4.7,27.0,73.7,6.2,69.2
Sabah,Beluran,2020-01-01,,30.3,3.4,21.2,61.4,10.1,
Sabah,Beluran,2021-01-01,35.9,32.3,3.6,21.4,62.6,10.0,56.4
Sabah,Beluran,2022-01-01,34.2,31.3,2.9,20.2,62.9,8.6,57.5
Sabah,Beluran,2023-01-01,38.4,35.1,3.3,21.5,64.1,8.5,58.6
Sabah,Beluran,2024-01-01,42.1,38.5,3.6,22.1,65.6,8.6,60.0
Sabah,Kalabakan,2018-01-01,,,,,,,
Sabah,Kalabakan,2019-01-01,,,,,,,
Sabah,Kalabakan,2020-01-01,,21.6,2.3,12.6,65.5,9.7,
Sabah,Kalabakan,2021-01-01,25.0,22.4,2.6,13.3,65.2,10.4,58.5
Sabah,Kalabakan,2022-01-01,23.6,21.4,2.1,12.0,66.3,9.0,60.1
Sabah,Kalabakan,2023-01-01,27.5,25.1,2.5,13.1,67.8,9.0,61.8
Sabah,Kalabakan,2024-01-01,30.9,28.1,2.8,13.8,69.1,9.1,62.9
Sabah,Keningau,2018-01-01,103.9,97.3,6.7,51.0,67.1,6.4,62.8
Sabah,Keningau,2019-01-01,106.8,100.2,6.6,50.5,67.9,6.2,63.7
Sabah,Keningau,2020-01-01,,60.5,6.5,30.9,68.5,9.6,
Sabah,Keningau,2021-01-01,69.1,62.5,6.6,30.0,69.7,9.6,63.1
Sabah,Keningau,2022-01-01,70.7,64.6,6.0,30.5,69.9,8.6,63.8
Sabah,Keningau,2023-01-01,73.1,66.9,6.2,30.6,70.5,8.5,64.5
Sabah,Keningau,2024-01-01,75.9,69.3,6.6,30.0,71.7,8.7,65.4
Sabah,Kinabatangan,2018-01-01,97.7,92.0,5.6,45.8,68.1,5.8,64.1
Sabah,Kinabatangan,2019-01-01,100.3,94.2,6.1,42.1,70.4,6.1,66.2
Sabah,Kinabatangan,2020-01-01,,70.2,7.0,35.6,68.4,9.0,
Sabah,Kinabatangan,2021-01-01,73.0,66.5,6.5,33.7,68.4,9.0,62.3
Sabah,Kinabatangan,2022-01-01,74.7,68.3,6.3,34.0,68.7,8.5,62.8
Sabah,Kinabatangan,2023-01-01,82.2,75.5,6.7,35.0,70.2,8.2,64.4
Sabah,Kinabatangan,2024-01-01,91.1,83.7,7.4,38.0,70.6,8.2,64.8
Sabah,Kota Belud,2018-01-01,48.3,45.5,2.8,26.3,64.8,5.8,61.0
Sabah,Kota Belud,2019-01-01,51.1,48.2,3.0,27.0,65.4,5.8,61.7
Sabah,Kota Belud,2020-01-01,,39.0,4.1,25.7,62.7,9.4,
Sabah,Kota Belud,2021-01-01,44.5,39.9,4.5,26.4,62.8,10.2,56.3
Sabah,Kota Belud,2022-01-01,45.5,41.5,4.0,26.3,63.4,8.7,57.8
Sabah,Kota Belud,2023-01-01,47.4,43.3,4.1,26.3,64.3,8.7,58.8
Sabah,Kota Belud,2024-01-01,48.8,44.5,4.2,26.8,64.5,8.7,58.9
Sabah,Kota Kinabalu,2018-01-01,289.5,274.4,15.2,118.4,71.0,5.2,67.3
Sabah,Kota Kinabalu,2019-01-01,305.6,290.0,15.6,112.8,73.0,5.1,69.3
Sabah,Kota Kinabalu,2020-01-01,,235.7,13.4,87.9,73.9,5.4,
Sabah,Kota Kinabalu,2021-01-01,254.1,238.1,16.0,85.1,74.9,6.3,70.2
Sabah,Kota Kinabalu,2022-01-01,258.9,243.9,15.0,86.5,75.0,5.8,70.6
Sabah,Kota Kinabalu,2023-01-01,276.5,260.7,15.9,89.0,75.7,5.7,71.3
Sabah,Kota Kinabalu,2024-01-01,292.0,274.6,17.3,91.0,76.2,5.9,71.7
Sabah,Kota Marudu,2018-01-01,38.1,36.1,2.0,17.2,69.0,5.3,65.3
Sabah,Kota Marudu,2019-01-01,40.1,37.9,2.2,17.0,70.3,5.5,66.4
Sabah,Kota Marudu,2020-01-01,,23.3,2.5,17.3,59.9,9.8,
Sabah,Kota Marudu,2021-01-01,26.4,23.8,2.6,17.8,59.8,9.8,53.8
Sabah,Kota Marudu,2022-01-01,27.0,24.7,2.3,18.1,59.8,8.6,54.8
Sabah,Kota Marudu,2023-01-01,28.1,25.7,2.4,18.4,60.5,8.5,55.3
Sabah,Kota Marudu,2024-01-01,29.3,26.7,2.5,18.5,61.2,8.7,55.9
Sabah,Kuala Penyu,2018-01-01,11.5,10.8,0.6,4.2,73.0,5.3,68.8
Sabah,Kuala Penyu,2019-01-01,12.2,11.6,0.6,4.4,73.6,5.3,69.9
Sabah,Kuala Penyu,2020-01-01,,8.3,1.0,5.0,65.2,10.6,
Sabah,Kuala Penyu,2021-01-01,10.0,9.0,1.0,5.5,64.7,10.3,58.1
Sabah,Kuala Penyu,2022-01-01,10.3,9.4,0.9,5.5,65.4,9.0,59.5
Sabah,Kuala Penyu,2023-01-01,10.9,10.0,1.0,5.4,67.1,9.0,61.3
Sabah,Kuala Penyu,2024-01-01,11.4,10.4,1.0,5.4,67.7,9.0,61.9
Sabah,Kudat,2018-01-01,50.8,48.1,2.7,21.3,70.5,5.3,66.7
Sabah,Kudat,2019-01-01,52.9,50.2,2.8,21.3,71.3,5.2,67.7
Sabah,Kudat,2020-01-01,,30.6,3.7,22.7,60.2,10.8,
Sabah,Kudat,2021-01-01,34.6,30.9,3.7,22.7,60.4,10.8,53.9
Sabah,Kudat,2022-01-01,35.8,32.6,3.3,22.8,61.1,9.1,55.6
Sabah,Kudat,2023-01-01,37.8,34.4,3.4,23.6,61.6,9.1,56.0
Sabah,Kudat,2024-01-01,39.5,35.8,3.7,24.0,62.2,9.4,56.4
Sabah,Kunak,2018-01-01,40.7,38.3,2.4,18.7,68.6,5.9,64.5
Sabah,Kunak,2019-01-01,41.9,39.3,2.6,18.7,69.2,6.2,64.9
Sabah,Kunak,2020-01-01,,31.4,3.0,15.8,68.5,8.7,
Sabah,Kunak,2021-01-01,34.1,31.0,3.1,14.8,69.8,9.0,63.4
Sabah,Kunak,2022-01-01,34.5,31.5,2.9,14.9,69.8,8.5,63.8
Sabah,Kunak,2023-01-01,39.1,35.9,3.2,16.3,70.6,8.2,64.8
Sabah,Kunak,2024-01-01,41.5,38.0,3.5,16.4,71.6,8.4,65.6
Sabah,Lahad Datu,2018-01-01,130.9,122.8,8.1,66.2,66.4,6.2,62.3
Sabah,Lahad Datu,2019-01-01,135.8,127.0,8.7,64.6,67.8,6.4,63.4
Sabah,Lahad Datu,2020-01-01,,104.1,9.4,48.4,70.1,8.3,
Sabah,Lahad Datu,2021-01-01,115.4,105.8,9.6,49.9,69.8,8.3,64.0
Sabah,Lahad Datu,2022-01-01,114.0,105.5,8.6,47.5,70.6,7.5,65.3
Sabah,Lahad Datu,2023-01-01,123.8,114.4,9.3,49.1,71.6,7.5,66.2
Sabah,Lahad Datu,2024-01-01,131.4,121.6,9.8,50.0,72.4,7.5,67.0
Sabah,Membakut,2021-01-01,,,,,,,
Sabah,Membakut,2022-01-01,,,,,,,
Sabah,Membakut,2023-01-01,,,,,,,
Sabah,Membakut,2024-01-01,,,,,,,
Sabah,Nabawan,2018-01-01,17.8,16.8,1.1,9.6,64.9,6.1,61.3
Sabah,Nabawan,2019-01-01,18.4,17.3,1.1,10.1,64.6,6.2,60.7
Sabah,Nabawan,2020-01-01,,26.3,1.5,5.8,67.9,12.5,
Sabah,Nabawan,2021-01-01,12.4,10.8,1.5,5.9,67.5,12.3,59.0
Sabah,Nabawan,2022-01-01,12.9,11.4,1.4,6.0,68.3,11.1,60.3
Sabah,Nabawan,2023-01-01,13.6,12.1,1.5,5.9,69.6,10.7,62.1
Sabah,Nabawan,2024-01-01,14.3,12.7,1.5,5.8,71.1,10.7,63.2
Sabah,Papar,2018-01-01,74.1,69.9,4.2,39.1,65.5,5.6,61.7
Sabah,Papar,2019-01-01,79.7,75.4,4.2,37.8,67.8,5.3,64.2
Sabah,Papar,2020-01-01,,30.3,5.9,28.8,68.7,9.3,
Sabah,Papar,2021-01-01,65.8,59.8,6.0,28.4,69.9,9.2,63.5
Sabah,Papar,2022-01-01,68.6,62.7,5.9,28.2,70.9,8.5,64.8
Sabah,Papar,2023-01-01,71.9,66.0,6.0,27.8,72.1,8.3,66.2
Sabah,Papar,2024-01-01,74.2,68.1,6.1,28.2,72.5,8.3,66.5
Sabah,Penampang,2018-01-01,72.4,67.9,4.5,40.4,64.2,6.3,60.2
Sabah,Penampang,2019-01-01,75.1,70.6,4.5,40.0,65.2,6.0,61.3
Sabah,Penampang,2020-01-01,,21.6,5.1,30.3,72.1,6.6,
Sabah,Penampang,2021-01-01,81.3,75.9,5.3,31.1,72.3,6.6,67.5
Sabah,Penampang,2022-01-01,82.0,77.2,4.7,30.4,72.9,5.8,68.7
Sabah,Penampang,2023-01-01,85.5,80.6,5.0,29.7,74.2,5.8,70.0
Sabah,Penampang,2024-01-01,87.6,82.5,5.1,30.1,74.4,5.8,70.1
Sabah,Pitas,2018-01-01,21.4,20.1,1.2,10.3,67.6,5.8,63.4
Sabah,Pitas,2019-01-01,22.0,20.7,1.3,10.2,68.4,5.9,64.3
Sabah,Pitas,2020-01-01,,60.5,1.2,11.8,49.9,10.5,
Sabah,Pitas,2021-01-01,12.0,10.5,1.4,12.2,49.5,12.0,43.4
Sabah,Pitas,2022-01-01,12.2,11.0,1.2,12.3,49.7,9.8,44.9
Sabah,Pitas,2023-01-01,13.0,11.8,1.2,12.1,51.7,9.4,47.0
Sabah,Pitas,2024-01-01,13.8,12.5,1.3,12.0,53.5,9.6,48.4
Sabah,Putatan,2018-01-01,28.6,26.7,1.9,16.1,63.9,6.7,59.7
Sabah,Putatan,2019-01-01,29.6,27.7,2.0,16.1,64.8,6.7,60.6
Sabah,Putatan,2020-01-01,,70.2,2.0,11.6,72.2,6.8,
Sabah,Putatan,2021-01-01,31.2,29.0,2.1,12.0,72.2,6.9,67.1
Sabah,Putatan,2022-01-01,32.0,30.1,1.9,12.1,72.5,6.0,68.3
Sabah,Putatan,2023-01-01,33.3,31.3,2.0,12.3,73.0,6.0,68.6
Sabah,Putatan,2024-01-01,34.6,32.5,2.1,12.4,73.7,6.1,69.1
Sabah,Ranau,2018-01-01,55.4,52.4,3.0,23.2,70.5,5.4,66.7
Sabah,Ranau,2019-01-01,58.7,55.5,3.2,22.8,72.0,5.5,68.1
Sabah,Ranau,2020-01-01,,39.0,3.5,16.9,67.6,9.8,
Sabah,Ranau,2021-01-01,36.5,32.5,3.9,17.3,67.9,10.7,60.4
Sabah,Ranau,2022-01-01,37.3,33.9,3.4,17.1,68.5,9.1,62.3
Sabah,Ranau,2023-01-01,39.0,35.5,3.5,17.0,69.7,9.1,63.4
Sabah,Ranau,2024-01-01,40.3,36.6,3.7,17.1,70.2,9.3,63.8
Sabah,Sandakan,2018-01-01,244.8,230.3,14.6,113.4,68.3,6.0,64.3
Sabah,Sandakan,2019-01-01,251.8,236.4,15.4,102.1,71.1,6.1,66.8
Sabah,Sandakan,2020-01-01,,235.7,16.6,87.4,71.8,7.5,
Sabah,Sandakan,2021-01-01,220.9,204.5,16.4,85.6,72.1,7.4,66.7
Sabah,Sandakan,2022-01-01,223.5,207.5,16.0,86.7,72.0,7.1,66.9
Sabah,Sandakan,2023-01-01,244.0,227.2,16.8,92.2,72.6,6.9,67.6
Sabah,Sandakan,2024-01-01,261.5,243.8,17.7,96.5,73.0,6.8,68.1
Sabah,Semporna,2018-01-01,79.4,74.6,4.8,45.7,63.5,6.1,59.6
Sabah,Semporna,2019-01-01,83.4,78.1,5.2,47.5,63.7,6.3,59.7
Sabah,Semporna,2020-01-01,,23.3,6.8,41.2,64.5,9.1,
Sabah,Semporna,2021-01-01,73.5,66.5,7.1,38.7,65.5,9.6,59.3
Sabah,Semporna,2022-01-01,76.8,70.2,6.6,39.0,66.3,8.6,60.6
Sabah,Semporna,2023-01-01,88.6,81.2,7.5,41.9,67.9,8.4,62.2
Sabah,Semporna,2024-01-01,96.9,88.8,8.1,43.1,69.2,8.4,63.4
Sabah,Sipitang,2018-01-01,19.6,18.3,1.3,9.5,67.4,6.6,62.9
Sabah,Sipitang,2019-01-01,20.5,19.2,1.4,9.7,67.9,6.7,63.6
Sabah,Sipitang,2020-01-01,,8.3,1.5,7.3,68.8,9.3,
Sabah,Sipitang,2021-01-01,16.4,14.8,1.6,7.7,68.2,9.9,61.4
Sabah,Sipitang,2022-01-01,17.0,15.6,1.5,7.8,68.6,8.6,62.9
Sabah,Sipitang,2023-01-01,18.1,16.6,1.5,7.8,69.9,8.5,64.1
Sabah,Sipitang,2024-01-01,19.2,17.5,1.7,7.8,71.2,8.7,64.8
Sabah,Tambunan,2018-01-01,23.1,21.9,1.2,9.7,70.3,5.3,66.8
Sabah,Tambunan,2019-01-01,25.1,23.8,1.3,9.2,73.1,5.3,69.4
Sabah,Tambunan,2020-01-01,,30.6,1.3,6.3,67.4,9.6,
Sabah,Tambunan,2021-01-01,13.2,11.8,1.4,6.4,67.2,10.4,60.2
Sabah,Tambunan,2022-01-01,13.6,12.4,1.2,6.6,67.4,9.0,61.4
Sabah,Tambunan,2023-01-01,14.4,13.1,1.3,6.5,69.0,9.0,62.7
Sabah,Tambunan,2024-01-01,15.0,13.7,1.4,6.4,70.0,9.0,64.0
Sabah,Tawau,2018-01-01,269.0,253.7,15.2,114.4,70.2,5.7,66.2
Sabah,Tawau,2019-01-01,280.2,264.6,15.6,109.4,71.9,5.6,67.9
Sabah,Tawau,2020-01-01,,31.4,15.4,79.7,70.1,8.2,
Sabah,Tawau,2021-01-01,188.1,172.6,15.4,81.0,69.9,8.2,64.1
Sabah,Tawau,2022-01-01,189.4,175.2,14.2,77.4,71.0,7.5,65.7
Sabah,Tawau,2023-01-01,205.7,191.4,14.3,79.3,72.2,7.0,67.2
Sabah,Tawau,2024-01-01,219.7,204.2,15.5,79.9,73.3,7.1,68.2
Sabah,Telupid,2018-01-01,,,,,,,
Sabah,Telupid,2019-01-01,,,,,,,
Sabah,Telupid,2020-01-01,,104.1,1.0,10.4,50.3,9.7,
Sabah,Telupid,2021-01-01,10.8,9.7,1.2,10.5,50.6,10.6,45.5
Sabah,Telupid,2022-01-01,10.6,9.6,1.0,10.2,50.9,9.1,46.2
Sabah,Telupid,2023-01-01,11.4,10.3,1.0,10.5,52.0,9.1,47.0
Sabah,Telupid,2024-01-01,12.1,10.9,1.1,10.5,53.4,9.3,48.2
Sabah,Tenom,2018-01-01,32.7,30.8,1.8,14.0,70.0,5.7,66.0
Sabah,Tenom,2019-01-01,34.0,32.0,2.0,14.6,70.0,5.9,65.8
Sabah,Tenom,2020-01-01,,19.2,2.3,10.7,66.8,10.5,
Sabah,Tenom,2021-01-01,22.1,19.4,2.7,10.8,67.2,12.3,59.0
Sabah,Tenom,2022-01-01,22.6,20.1,2.5,11.0,67.2,11.2,59.8
Sabah,Tenom,2023-01-01,23.6,21.0,2.6,11.1,68.0,10.9,60.5
Sabah,Tenom,2024-01-01,24.8,22.0,2.8,10.9,69.5,11.1,61.6
Sabah,Tongod,2018-01-01,22.8,21.5,1.3,9.5,70.6,5.8,66.6
Sabah,Tongod,2019-01-01,22.8,21.4,1.4,9.3,70.9,6.3,66.7
Sabah,Tongod,2020-01-01,83.0,12.9,1.7,15.2,48.9,11.4,13.1
Sabah,Tongod,2021-01-01,14.9,13.2,1.7,14.7,50.3,11.3,44.6
Sabah,Tongod,2022-01-01,15.1,13.7,1.4,14.5,51.1,9.5,46.3
Sabah,Tongod,2023-01-01,16.1,14.6,1.5,14.9,52.0,9.4,47.1
Sabah,Tongod,2024-01-01,16.8,15.2,1.6,15.0,52.8,9.7,47.8
Sabah,Tuaran,2018-01-01,55.9,52.8,3.0,31.4,64.0,5.4,60.5
Sabah,Tuaran,2019-01-01,60.6,57.3,3.3,28.8,67.8,5.4,64.1
Sabah,Tuaran,2020-01-01,90.1,49.0,5.1,32.0,62.9,9.5,40.1
Sabah,Tuaran,2021-01-01,54.9,49.4,5.5,32.9,62.6,10.1,56.3
Sabah,Tuaran,2022-01-01,56.2,51.3,4.9,33.4,62.7,8.7,57.3
Sabah,Tuaran,2023-01-01,58.7,53.6,5.1,33.9,63.4,8.7,57.9
Sabah,Tuaran,2024-01-01,60.5,55.2,5.3,34.8,63.5,8.8,57.9
Sarawak,Asajaya,2018-01-01,16.1,15.5,0.6,8.6,65.2,3.5,62.8
Sarawak,Asajaya,2019-01-01,16.9,16.3,0.6,8.4,66.8,3.4,64.4
Sarawak,Asajaya,2020-01-01,14.5,14.0,0.5,7.4,66.0,3.5,63.9
Sarawak,Asajaya,2021-01-01,14.5,13.9,0.5,7.8,65.0,3.6,62.3
Sarawak,Asajaya,2022-01-01,14.7,14.3,0.4,7.8,65.4,2.8,63.6
Sarawak,Asajaya,2023-01-01,15.2,15.0,0.4,7.5,67.2,2.5,66.1
Sarawak,Asajaya,2024-01-01,15.6,15.3,0.3,7.4,67.8,2.2,66.5
Sarawak,Bau,2018-01-01,28.8,27.9,0.9,12.8,69.1,3.3,67.1
Sarawak,Bau,2019-01-01,29.5,28.5,1.0,12.8,69.7,3.2,67.4
Sarawak,Bau,2020-01-01,24.9,23.8,1.0,12.2,67.1,4.1,64.2
Sarawak,Bau,2021-01-01,24.6,23.4,1.2,12.6,66.1,4.8,62.9
Sarawak,Bau,2022-01-01,25.4,24.3,1.1,11.9,68.0,4.5,65.1
Sarawak,Bau,2023-01-01,26.4,25.5,0.9,11.5,69.6,3.2,67.3
Sarawak,Bau,2024-01-01,26.4,25.6,0.8,11.6,69.5,2.9,67.4
Sarawak,Belaga,2018-01-01,21.1,20.5,0.6,9.8,68.3,2.7,66.3
Sarawak,Belaga,2019-01-01,21.5,20.9,0.6,9.4,69.6,2.8,67.6
Sarawak,Belaga,2020-01-01,11.3,10.3,0.9,5.9,65.6,8.3,59.9
Sarawak,Belaga,2021-01-01,11.4,10.5,0.9,6.2,64.8,8.0,59.7
Sarawak,Belaga,2022-01-01,11.3,10.5,0.9,6.1,64.8,7.5,60.3
Sarawak,Belaga,2023-01-01,11.7,11.0,0.7,6.1,65.9,6.3,61.8
Sarawak,Belaga,2024-01-01,11.8,11.1,0.7,5.9,66.7,5.9,62.7
Sarawak,Beluru,2018-01-01,,,,,,,
Sarawak,Beluru,2019-01-01,,,,,,,
Sarawak,Beluru,2020-01-01,13.5,13.1,0.3,6.8,66.3,2.3,64.5
Sarawak,Beluru,2021-01-01,13.7,13.4,0.3,7.3,65.2,2.4,63.8
Sarawak,Beluru,2022-01-01,13.5,13.2,0.3,6.6,67.0,2.0,65.7
Sarawak,Beluru,2023-01-01,13.6,13.4,0.2,6.5,67.5,1.5,66.7
Sarawak,Beluru,2024-01-01,13.3,13.0,0.2,6.2,68.0,1.6,66.7
Sarawak,Betong,2018-01-01,32.0,31.1,0.9,15.9,66.8,2.9,64.9
Sarawak,Betong,2019-01-01,32.8,31.9,0.9,16.2,67.0,2.7,65.1
Sarawak,Betong,2020-01-01,16.0,15.5,0.5,9.0,64.0,3.0,62.0
Sarawak,Betong,2021-01-01,15.7,15.2,0.5,9.2,63.0,3.1,61.0
Sarawak,Betong,2022-01-01,15.9,15.5,0.4,9.2,63.3,2.5,61.8
Sarawak,Betong,2023-01-01,16.5,16.1,0.3,9.1,64.4,1.7,62.9
Sarawak,Betong,2024-01-01,16.6,16.3,0.3,9.0,64.8,1.9,63.7
Sarawak,Bintulu,2018-01-01,114.5,111.2,3.2,46.2,71.3,2.8,69.2
Sarawak,Bintulu,2019-01-01,116.1,113.1,3.0,45.0,72.0,2.6,70.2
Sarawak,Bintulu,2020-01-01,88.5,85.5,3.0,41.0,68.3,3.4,66.0
Sarawak,Bintulu,2021-01-01,90.9,87.7,3.2,38.3,70.4,3.5,67.9
Sarawak,Bintulu,2022-01-01,95.2,92.7,2.5,37.4,71.8,2.6,69.9
Sarawak,Bintulu,2023-01-01,100.5,100.0,2.4,36.9,73.5,2.4,72.8
Sarawak,Bintulu,2024-01-01,105.0,102.7,2.3,35.5,74.8,2.2,73.1
Sarawak,Bukit Mabong,2018-01-01,,,,,,,
Sarawak,Bukit Mabong,2019-01-01,,,,,,,
Sarawak,Bukit Mabong,2020-01-01,4.3,4.2,0.2,2.6,62.5,3.5,60.9
Sarawak,Bukit Mabong,2021-01-01,4.2,4.1,0.2,2.7,60.7,3.6,59.4
Sarawak,Bukit Mabong,2022-01-01,4.3,4.2,0.1,2.6,62.6,2.9,60.9
Sarawak,Bukit Mabong,2023-01-01,4.5,4.3,0.1,2.5,63.8,2.6,61.4
Sarawak,Bukit Mabong,2024-01-01,4.5,4.4,0.1,2.5,64.4,2.8,62.9
Sarawak,Dalat,2018-01-01,10.0,9.7,0.3,4.5,68.7,3.2,66.9
Sarawak,Dalat,2019-01-01,10.2,9.9,0.3,4.6,68.9,3.1,66.9
Sarawak,Dalat,2020-01-01,9.4,9.0,0.4,4.9,65.8,3.7,62.9
Sarawak,Dalat,2021-01-01,9.2,8.8,0.4,5.0,64.6,3.9,62.0
Sarawak,Dalat,2022-01-01,9.3,9.0,0.3,5.1,64.7,3.2,62.5
Sarawak,Dalat,2023-01-01,9.7,9.4,0.3,5.1,65.6,3.0,63.5
Sarawak,Dalat,2024-01-01,9.8,9.6,0.2,5.1,65.9,2.3,64.4
Sarawak,Daro,2018-01-01,15.8,15.4,0.4,8.6,64.9,2.8,63.1
Sarawak,Daro,2019-01-01,15.9,15.5,0.4,8.8,64.4,2.5,62.8
Sarawak,Daro,2020-01-01,8.6,8.2,0.5,4.4,66.0,5.3,63.1
Sarawak,Daro,2021-01-01,8.6,8.0,0.5,4.6,65.0,6.2,60.6
Sarawak,Daro,2022-01-01,8.7,8.2,0.5,4.5,65.7,5.7,62.1
Sarawak,Daro,2023-01-01,8.7,8.8,0.4,4.4,67.5,4.5,67.2
Sarawak,Daro,2024-01-01,9.2,8.9,0.3,4.4,67.6,3.8,65.4
Sarawak,Gedong,2021-01-01,,,,,,,
Sarawak,Gedong,2022-01-01,,,,,,,
Sarawak,Gedong,2023-01-01,,,,,,,
Sarawak,Gedong,2024-01-01,,,,,,,
Sarawak,Julau,2018-01-01,7.8,7.5,0.3,4.3,64.6,4.4,62.0
Sarawak,Julau,2019-01-01,8.2,7.9,0.3,4.2,66.4,4.0,63.7
Sarawak,Julau,2020-01-01,6.3,6.0,0.3,3.9,61.8,4.9,58.8
Sarawak,Julau,2021-01-01,6.2,5.9,0.3,4.0,60.9,5.2,57.8
Sarawak,Julau,2022-01-01,6.3,6.1,0.3,3.9,61.7,4.5,59.8
Sarawak,Julau,2023-01-01,6.6,6.3,0.2,3.9,63.0,3.5,60.0
Sarawak,Julau,2024-01-01,6.7,6.5,0.2,3.9,63.3,3.0,61.3
Sarawak,Kabong,2018-01-01,,,,,,,
Sarawak,Kabong,2019-01-01,,,,,,,
Sarawak,Kabong,2020-01-01,7.9,7.7,0.2,4.6,63.3,3.1,61.6
Sarawak,Kabong,2021-01-01,7.8,7.6,0.2,4.8,62.0,3.1,60.3
Sarawak,Kabong,2022-01-01,7.8,7.7,0.2,4.8,62.2,2.5,61.1
Sarawak,Kabong,2023-01-01,8.1,8.0,0.2,4.6,63.7,1.9,63.0
Sarawak,Kabong,2024-01-01,8.2,8.0,0.2,4.5,64.2,2.0,63.0
Sarawak,Kanowit,2018-01-01,14.6,14.0,0.6,7.7,65.3,3.8,62.8
Sarawak,Kanowit,2019-01-01,15.2,14.7,0.5,7.6,66.6,3.5,64.5
Sarawak,Kanowit,2020-01-01,10.1,9.4,0.7,5.9,62.9,6.6,58.8
Sarawak,Kanowit,2021-01-01,10.0,9.2,0.8,6.1,62.1,7.7,57.1
Sarawak,Kanowit,2022-01-01,10.1,9.5,0.6,6.0,62.7,6.3,59.0
Sarawak,Kanowit,2023-01-01,10.5,9.9,0.6,5.9,63.9,5.8,60.4
Sarawak,Kanowit,2024-01-01,10.6,10.0,0.6,5.9,64.3,5.3,60.6
Sarawak,Kapit,2018-01-01,28.4,27.4,1.0,14.4,66.4,3.6,64.0
Sarawak,Kapit,2019-01-01,29.2,28.1,1.1,14.5,66.9,3.9,64.3
Sarawak,Kapit,2020-01-01,15.5,14.7,0.8,8.4,64.9,4.9,61.5
Sarawak,Kapit,2021-01-01,15.4,14.5,0.9,8.7,63.9,5.9,60.2
Sarawak,Kapit,2022-01-01,15.7,14.8,0.9,8.8,64.0,5.6,60.4
Sarawak,Kapit,2023-01-01,16.2,15.7,0.7,8.7,65.5,4.4,63.1
Sarawak,Kapit,2024-01-01,16.7,16.0,0.7,8.6,65.8,4.2,63.2
Sarawak,Kuching,2018-01-01,318.4,309.2,9.2,153.2,67.5,2.9,65.6
Sarawak,Kuching,2019-01-01,325.0,315.3,9.7,154.5,67.8,3.0,65.8
Sarawak,Kuching,2020-01-01,287.9,276.8,11.1,136.8,67.8,3.9,65.2
Sarawak,Kuching,2021-01-01,294.2,283.0,11.2,135.9,68.4,3.8,65.8
Sarawak,Kuching,2022-01-01,303.2,294.0,9.2,129.0,70.2,3.0,68.0
Sarawak,Kuching,2023-01-01,312.4,306.0,9.1,125.9,71.4,2.9,69.8
Sarawak,Kuching,2024-01-01,319.5,310.4,9.0,122.6,72.3,2.8,70.2
Sarawak,Lawas,2018-01-01,22.1,21.4,0.8,8.6,71.9,3.4,69.7
Sarawak,Lawas,2019-01-01,22.4,21.6,0.7,8.7,71.9,3.2,69.5
Sarawak,Lawas,2020-01-01,15.3,14.4,0.9,8.7,63.7,6.1,60.0
Sarawak,Lawas,2021-01-01,15.2,14.2,1.0,9.0,62.7,6.5,58.7
Sarawak,Lawas,2022-01-01,15.4,14.5,0.9,9.1,63.0,5.7,59.2
Sarawak,Lawas,2023-01-01,17.1,15.3,0.8,9.1,64.0,4.9,58.4
Sarawak,Lawas,2024-01-01,16.3,15.6,0.8,8.9,64.6,4.6,61.9
Sarawak,Limbang,2018-01-01,26.8,25.8,1.0,10.6,71.7,3.8,69.0
Sarawak,Limbang,2019-01-01,27.5,26.4,1.0,10.6,72.2,3.7,69.3
Sarawak,Limbang,2020-01-01,20.2,19.4,0.7,10.1,66.6,3.7,64.0
Sarawak,Limbang,2021-01-01,20.1,19.4,0.8,10.5,65.7,3.7,63.4
Sarawak,Limbang,2022-01-01,20.8,20.2,0.6,10.2,67.2,3.0,65.2
Sarawak,Limbang,2023-01-01,21.7,21.1,0.6,10.1,68.2,2.8,66.4
Sarawak,Limbang,2024-01-01,22.0,21.4,0.6,10.0,68.7,2.7,66.9
Sarawak,Lingga,2021-01-01,,,,,,,
Sarawak,Lingga,2022-01-01,,,,,,,
Sarawak,Lingga,2023-01-01,,,,,,,
Sarawak,Lingga,2024-01-01,,,,,,,
Sarawak,Lubok Antu,2018-01-01,14.8,14.3,0.6,6.7,68.9,3.9,66.5
Sarawak,Lubok Antu,2019-01-01,15.3,14.7,0.6,6.8,69.3,3.7,66.5
Sarawak,Lubok Antu,2020-01-01,10.8,10.4,0.4,5.8,65.0,3.6,62.7
Sarawak,Lubok Antu,2021-01-01,10.7,10.3,0.4,6.0,64.1,3.7,61.7
Sarawak,Lubok Antu,2022-01-01,10.7,10.3,0.3,5.9,64.2,2.9,62.0
Sarawak,Lubok Antu,2023-01-01,11.0,10.7,0.3,5.8,65.5,2.6,63.7
Sarawak,Lubok Antu,2024-01-01,11.1,10.8,0.2,5.6,66.3,2.1,64.7
Sarawak,Lundu,2018-01-01,18.8,18.1,0.6,7.5,71.4,3.3,68.8
Sarawak,Lundu,2019-01-01,19.4,18.8,0.6,7.3,72.7,3.0,70.4
Sarawak,Lundu,2020-01-01,15.0,14.4,0.5,7.8,65.8,3.6,63.2
Sarawak,Lundu,2021-01-01,14.9,14.3,0.5,8.1,64.8,3.6,62.2
Sarawak,Lundu,2022-01-01,15.0,14.6,0.4,8.1,65.1,2.9,63.2
Sarawak,Lundu,2023-01-01,15.6,15.5,0.4,7.7,67.2,2.5,66.5
Sarawak,Lundu,2024-01-01,16.1,15.7,0.4,7.6,67.9,2.7,66.2
Sarawak,Maradong,2018-01-01,14.8,14.3,0.5,8.4,63.8,3.6,61.6
Sarawak,Maradong,2019-01-01,15.3,14.8,0.5,8.2,65.0,3.3,63.0
Sarawak,Maradong,2020-01-01,7.5,7.2,0.3,4.0,65.4,3.7,62.6
Sarawak,Maradong,2021-01-01,8.6,8.0,0.6,5.1,62.9,6.7,58.4
Sarawak,Maradong,2022-01-01,8.8,8.3,0.5,5.0,63.8,5.7,60.1
Sarawak,Maradong,2023-01-01,9.2,8.7,0.5,4.9,65.1,5.5,61.7
Sarawak,Maradong,2024-01-01,9.3,8.8,0.5,4.9,65.4,5.1,62.0
Sarawak,Marudi,2018-01-01,33.2,32.3,0.9,18.3,64.4,2.7,62.7
Sarawak,Marudi,2019-01-01,33.4,32.5,0.8,18.6,64.2,2.5,62.5
Sarawak,Marudi,2020-01-01,8.6,8.1,0.5,4.9,63.5,6.0,60.0
Sarawak,Marudi,2021-01-01,8.9,8.7,0.2,4.8,65.2,2.5,63.5
Sarawak,Marudi,2022-01-01,9.0,8.8,0.2,4.5,66.7,2.2,65.2
Sarawak,Marudi,2023-01-01,9.1,8.9,0.2,4.4,67.5,1.7,65.9
Sarawak,Marudi,2024-01-01,9.0,8.8,0.2,4.2,68.1,2.1,66.7
Sarawak,Matu,2018-01-01,9.1,8.8,0.3,4.3,68.1,3.4,65.7
Sarawak,Matu,2019-01-01,9.5,9.2,0.3,4.2,69.5,3.5,67.2
Sarawak,Matu,2020-01-01,8.8,8.6,0.2,4.5,66.3,2.5,64.7
Sarawak,Matu,2021-01-01,7.5,7.2,0.3,4.2,64.2,4.0,61.5
Sarawak,Matu,2022-01-01,7.3,7.1,0.2,4.1,64.2,3.2,62.3
Sarawak,Matu,2023-01-01,7.6,7.3,0.2,4.0,65.5,3.1,62.9
Sarawak,Matu,2024-01-01,7.5,7.3,0.2,3.9,66.1,2.5,64.0
Sarawak,Miri,2018-01-01,162.5,157.0,5.4,82.3,66.4,3.4,64.1
Sarawak,Miri,2019-01-01,164.2,158.6,5.5,82.6,66.5,3.4,64.3
Sarawak,Miri,2020-01-01,124.6,120.4,4.2,58.4,68.1,3.4,65.8
Sarawak,Miri,2021-01-01,129.2,124.6,4.6,55.3,70.0,3.6,67.5
Sarawak,Miri,2022-01-01,130.7,127.0,3.7,54.5,70.6,2.8,68.6
Sarawak,Miri,2023-01-01,135.8,133.7,3.5,52.2,72.4,2.6,71.1
Sarawak,Miri,2024-01-01,138.5,134.8,3.7,51.4,72.9,2.7,71.0
Sarawak,Mukah,2018-01-01,23.0,22.2,0.8,11.6,66.5,3.5,64.2
Sarawak,Mukah,2019-01-01,23.3,22.6,0.8,11.6,66.7,3.2,64.8
Sarawak,Mukah,2020-01-01,20.0,19.3,0.7,9.8,67.2,3.6,64.8
Sarawak,Mukah,2021-01-01,20.1,19.4,0.7,10.3,66.2,3.7,63.8
Sarawak,Mukah,2022-01-01,20.4,19.8,0.6,9.6,68.1,3.0,66.0
Sarawak,Mukah,2023-01-01,21.1,20.7,0.6,9.2,69.9,2.8,68.3
Sarawak,Mukah,2024-01-01,21.4,20.9,0.6,8.8,70.9,2.6,69.2
Sarawak,Pakan,2018-01-01,8.8,8.5,0.3,3.2,73.5,3.6,70.8
Sarawak,Pakan,2019-01-01,9.1,8.8,0.3,3.1,74.6,3.4,72.1
Sarawak,Pakan,2020-01-01,6.6,6.4,0.2,3.9,62.9,3.0,61.0
Sarawak,Pakan,2021-01-01,6.6,6.5,0.2,4.1,62.1,2.8,60.7
Sarawak,Pakan,2022-01-01,6.7,6.5,0.2,4.0,62.5,2.5,60.7
Sarawak,Pakan,2023-01-01,7.0,6.8,0.1,4.0,63.8,1.7,61.8
Sarawak,Pakan,2024-01-01,7.0,6.9,0.1,3.9,64.1,1.6,63.3
Sarawak,Pantu,2021-01-01,,,,,,,
Sarawak,Pantu,2022-01-01,,,,,,,
Sarawak,Pantu,2023-01-01,,,,,,,
Sarawak,Pantu,2024-01-01,,,,,,,
Sarawak,Pusa,2018-01-01,,,,,,,
Sarawak,Pusa,2019-01-01,,,,,,,
Sarawak,Pusa,2020-01-01,6.3,6.1,0.1,5.7,52.5,2.0,50.8
Sarawak,Pusa,2021-01-01,6.1,6.0,0.1,5.9,50.5,1.6,50.0
Sarawak,Pusa,2022-01-01,6.2,6.1,0.1,5.9,51.2,1.5,50.4
Sarawak,Pusa,2023-01-01,6.6,6.6,0.1,5.8,53.5,1.2,53.2
Sarawak,Pusa,2024-01-01,6.9,6.8,0.1,5.8,54.2,1.7,53.5
Sarawak,Samarahan,2018-01-01,45.0,43.2,1.7,22.4,66.7,3.9,64.1
Sarawak,Samarahan,2019-01-01,45.6,43.9,1.7,23.1,66.4,3.7,63.9
Sarawak,Samarahan,2020-01-01,64.0,60.5,3.5,30.6,67.7,5.5,64.0
Sarawak,Samarahan,2021-01-01,66.3,62.2,4.1,32.1,67.4,6.2,63.2
Sarawak,Samarahan,2022-01-01,68.2,64.4,3.9,31.0,68.8,5.7,64.9
Sarawak,Samarahan,2023-01-01,70.9,67.1,3.8,30.4,70.0,5.3,66.2
Sarawak,Samarahan,2024-01-01,72.0,67.9,4.1,29.6,70.9,5.7,66.8
Sarawak,Saratok,2018-01-01,23.5,22.9,0.7,11.8,66.5,2.8,64.9
Sarawak,Saratok,2019-01-01,24.3,23.7,0.6,11.9,67.1,2.5,65.5
Sarawak,Saratok,2020-01-01,10.8,10.4,0.4,5.8,65.0,3.9,62.7
Sarawak,Saratok,2021-01-01,10.6,10.2,0.4,6.0,63.9,4.0,61.4
Sarawak,Saratok,2022-01-01,10.6,10.3,0.4,5.9,64.1,3.3,62.4
Sarawak,Saratok,2023-01-01,10.9,10.6,0.4,5.8,65.5,3.3,63.5
Sarawak,Saratok,2024-01-01,11.0,10.6,0.3,5.7,65.9,3.1,63.5
Sarawak,Sarikei,2018-01-01,30.1,29.2,0.9,14.5,67.4,2.9,65.5
Sarawak,Sarikei,2019-01-01,31.4,30.5,0.9,14.0,69.2,2.8,67.2
Sarawak,Sarikei,2020-01-01,20.1,19.0,1.1,10.0,66.8,5.4,63.1
Sarawak,Sarikei,2021-01-01,20.0,18.7,1.2,10.3,65.9,6.2,61.7
Sarawak,Sarikei,2022-01-01,20.6,19.4,1.2,10.0,67.4,5.7,63.4
Sarawak,Sarikei,2023-01-01,21.4,20.4,1.0,9.7,68.7,4.5,65.6
Sarawak,Sarikei,2024-01-01,21.6,20.7,0.9,9.7,69.0,4.3,66.1
Sarawak,Sebauh,2018-01-01,,,,,,,
Sarawak,Sebauh,2019-01-01,,,,,,,
Sarawak,Sebauh,2020-01-01,15.5,15.2,0.3,7.7,66.8,2.1,65.5
Sarawak,Sebauh,2021-01-01,14.6,14.2,0.3,7.6,65.7,2.4,64.0
Sarawak,Sebauh,2022-01-01,15.5,15.2,0.3,7.5,67.3,1.9,66.1
Sarawak,Sebauh,2023-01-01,17.1,16.9,0.2,7.9,68.3,1.5,67.6
Sarawak,Sebauh,2024-01-01,17.2,17.0,0.2,7.9,68.7,1.4,67.7
Sarawak,Sebuyau,2021-01-01,,,,,,,
Sarawak,Sebuyau,2022-01-01,,,,,,,
Sarawak,Sebuyau,2023-01-01,,,,,,,
Sarawak,Sebuyau,2024-01-01,,,,,,,
Sarawak,Selangau,2018-01-01,12.0,11.6,0.4,6.1,66.4,3.6,64.1
Sarawak,Selangau,2019-01-01,12.5,12.1,0.4,5.9,67.8,3.3,65.8
Sarawak,Selangau,2020-01-01,8.8,8.5,0.3,4.9,64.0,3.3,62.0
Sarawak,Selangau,2021-01-01,8.6,8.4,0.3,5.1,62.8,3.2,61.3
Sarawak,Selangau,2022-01-01,8.8,8.6,0.2,5.1,63.2,2.5,61.9
Sarawak,Selangau,2023-01-01,9.3,9.2,0.2,5.0,65.4,1.9,64.3
Sarawak,Selangau,2024-01-01,9.6,9.4,0.2,4.9,66.2,2.3,64.8
Sarawak,Serian,2018-01-01,51.5,49.9,1.6,20.8,71.2,3.2,69.0
Sarawak,Serian,2019-01-01,53.0,51.3,1.6,20.7,71.9,3.0,69.6
Sarawak,Serian,2020-01-01,31.6,29.5,2.1,27.8,53.2,6.7,49.7
Sarawak,Serian,2021-01-01,31.8,29.1,2.7,26.5,54.5,8.6,49.9
Sarawak,Serian,2022-01-01,32.3,29.8,2.4,26.4,55.0,7.6,50.8
Sarawak,Serian,2023-01-01,39.8,31.9,2.4,25.4,57.5,6.9,48.9
Sarawak,Serian,2024-01-01,34.5,32.2,2.3,25.3,57.7,6.7,53.8
Sarawak,Sibu,2018-01-01,128.1,123.2,4.9,60.6,67.9,3.8,65.3
Sarawak,Sibu,2019-01-01,133.0,128.3,4.7,61.5,68.4,3.6,66.0
Sarawak,Sibu,2020-01-01,119.0,111.3,7.7,56.6,67.8,6.5,63.4
Sarawak,Sibu,2021-01-01,119.4,111.2,8.1,56.2,68.0,6.8,63.3
Sarawak,Sibu,2022-01-01,122.4,115.1,7.3,55.1,69.0,6.0,64.8
Sarawak,Sibu,2023-01-01,129.2,121.0,7.2,54.8,70.1,5.6,65.8
Sarawak,Sibu,2024-01-01,130.7,123.3,7.4,53.2,71.1,5.7,67.0
Sarawak,Siburan,2021-01-01,,,,,,,
Sarawak,Siburan,2022-01-01,,,,,,,
Sarawak,Siburan,2023-01-01,,,,,,,
Sarawak,Siburan,2024-01-01,,,,,,,
Sarawak,Simunjan,2018-01-01,21.5,20.8,0.7,9.4,69.6,3.1,67.3
Sarawak,Simunjan,2019-01-01,22.0,21.4,0.7,9.5,69.9,3.0,67.9
Sarawak,Simunjan,2020-01-01,15.2,14.5,0.7,9.1,62.6,4.7,59.7
Sarawak,Simunjan,2021-01-01,15.1,14.2,0.8,9.4,61.6,5.4,58.0
Sarawak,Simunjan,2022-01-01,15.1,14.5,0.7,9.3,61.9,4.5,59.4
Sarawak,Simunjan,2023-01-01,15.6,15.1,0.7,9.0,63.7,4.3,61.4
Sarawak,Simunjan,2024-01-01,15.7,15.1,0.7,9.0,63.6,4.2,61.1
Sarawak,Song,2018-01-01,10.7,10.2,0.4,5.2,67.2,3.9,64.2
Sarawak,Song,2019-01-01,11.0,10.6,0.4,5.2,68.0,4.0,65.4
Sarawak,Song,2020-01-01,3.4,3.2,0.2,2.9,54.1,4.5,50.8
Sarawak,Song,2021-01-01,3.4,3.3,0.2,2.8,54.9,5.5,53.2
Sarawak,Song,2022-01-01,3.5,3.3,0.2,2.8,55.3,4.8,52.4
Sarawak,Song,2023-01-01,3.6,3.5,0.1,2.8,56.3,3.3,54.7
Sarawak,Song,2024-01-01,3.7,3.5,0.1,2.8,56.9,3.7,53.8
Sarawak,Sri Aman,2018-01-01,35.2,34.3,1.0,15.9,68.9,2.8,67.1
Sarawak,Sri Aman,2019-01-01,36.2,35.3,0.9,16.0,69.3,2.5,67.6
Sarawak,Sri Aman,2020-01-01,27.3,26.3,0.9,13.8,66.4,3.4,64.0
Sarawak,Sri Aman,2021-01-01,27.0,26.1,0.9,14.2,65.5,3.3,63.3
Sarawak,Sri Aman,2022-01-01,26.9,26.2,0.7,14.0,65.7,2.6,64.1
Sarawak,Sri Aman,2023-01-01,27.8,27.2,0.6,13.5,67.3,2.0,65.9
Sarawak,Sri Aman,2024-01-01,27.9,27.5,0.4,13.2,67.8,1.6,66.9
Sarawak,Subis,2018-01-01,,,,,,,
Sarawak,Subis,2019-01-01,,,,,,,
Sarawak,Subis,2020-01-01,28.7,27.9,0.8,13.8,67.6,2.7,65.6
Sarawak,Subis,2021-01-01,29.4,28.6,0.8,14.5,67.1,2.8,65.1
Sarawak,Subis,2022-01-01,28.9,28.2,0.7,13.2,68.6,2.4,67.0
Sarawak,Subis,2023-01-01,29.5,29.0,0.5,12.7,69.9,1.7,68.7
Sarawak,Subis,2024-01-01,29.4,28.9,0.5,12.3,70.5,1.5,69.3
Sarawak,Tanjong Manis,2021-01-01,3.4,3.2,0.2,2.2,60.5,6.8,57.1
Sarawak,Tanjong Manis,2022-01-01,3.4,3.2,0.2,2.1,61.8,5.7,58.2
Sarawak,Tanjong Manis,2023-01-01,3.5,3.3,0.2,2.0,63.7,5.3,60.0
Sarawak,Tanjong Manis,2024-01-01,3.5,3.3,0.2,1.9,64.4,5.6,61.1
Sarawak,Tanjung Manis,2018-01-01,,,,,,,
Sarawak,Tanjung Manis,2019-01-01,,,,,,,
Sarawak,Tanjung Manis,2020-01-01,3.4,3.2,0.2,2.1,61.9,6.2,58.2
Sarawak,Tatau,2018-01-01,17.8,17.2,0.6,7.7,69.7,3.4,67.5
Sarawak,Tatau,2019-01-01,18.0,17.4,0.6,7.6,70.2,3.4,68.0
Sarawak,Tatau,2020-01-01,15.2,14.6,0.6,7.3,67.5,3.9,64.9
Sarawak,Tatau,2021-01-01,15.3,14.6,0.7,7.7,66.6,4.5,63.5
Sarawak,Tatau,2022-01-01,15.6,15.1,0.5,7.2,68.5,3.2,66.2
Sarawak,Tatau,2023-01-01,15.9,15.7,0.5,7.0,69.9,3.1,68.6
Sarawak,Tatau,2024-01-01,16.3,15.8,0.5,6.7,70.7,2.8,68.7
Sarawak,Tebedu,2018-01-01,,,,,,,
Sarawak,Tebedu,2019-01-01,,,,,,,
Sarawak,Tebedu,2020-01-01,8.4,7.9,0.6,9.1,48.2,6.7,45.1
Sarawak,Tebedu,2021-01-01,8.2,7.5,0.7,9.4,46.5,8.6,42.6
Sarawak,Tebedu,2022-01-01,8.2,7.6,0.6,9.5,46.6,7.6,42.9
Sarawak,Tebedu,2023-01-01,9.5,8.2,0.5,9.3,48.6,5.9,43.6
Sarawak,Tebedu,2024-01-01,8.9,8.4,0.5,9.2,49.1,6.1,46.4
Sarawak,Telang Usan,2018-01-01,,,,,,293.0,
Sarawak,Telang Usan,2019-01-01,,,,,,,
Sarawak,Telang Usan,2020-01-01,8.1,7.9,0.2,4.2,66.0,2.0,64.2
Sarawak,Telang Usan,2021-01-01,8.2,8.0,0.1,4.4,65.1,1.7,63.5
Sarawak,Telang Usan,2022-01-01,8.3,8.2,0.1,4.4,65.6,1.6,64.6
Sarawak,Telang Usan,2023-01-01,8.9,8.7,0.1,4.3,67.2,1.2,65.9
Sarawak,Telang Usan,2024-01-01,8.9,8.8,0.1,4.2,67.8,1.5,67.2
Selangor,Gombak,2018-01-01,438.0,425.7,12.3,148.6,74.7,2.8,72.6
Selangor,Gombak,2019-01-01,442.3,429.9,12.4,152.8,74.3,2.8,72.2
Selangor,Gombak,2020-01-01,497.1,472.5,24.7,169.3,74.6,5.0,70.9
Selangor,Gombak,2021-01-01,501.8,472.4,29.4,168.1,74.9,5.9,70.5
Selangor,Gombak,2022-01-01,498.0,473.5,24.5,175.4,73.9,4.9,70.3
Selangor,Gombak,2023-01-01,513.3,495.0,18.3,171.8,74.9,3.6,72.3
Selangor,Gombak,2024-01-01,527.5,511.6,15.9,169.6,75.7,3.0,73.4
Selangor,Hulu Langat,2018-01-01,759.8,737.4,22.4,214.5,78.0,3.0,75.7
Selangor,Hulu Langat,2019-01-01,761.9,738.5,23.4,222.9,77.4,3.1,75.0
Selangor,Hulu Langat,2020-01-01,746.0,703.8,42.2,249.7,74.9,5.7,70.7
Selangor,Hulu Selangor,2018-01-01,126.0,123.1,2.8,39.7,76.0,2.3,74.3
Selangor,Hulu Selangor,2019-01-01,128.4,125.4,3.0,40.9,75.9,2.3,74.1
Selangor,Hulu Selangor,2020-01-01,126.3,123.6,2.7,43.3,74.5,2.1,72.9
Selangor,Klang,2018-01-01,573.2,557.1,16.1,164.9,77.7,2.8,75.5
Selangor,Klang,2019-01-01,576.9,560.2,16.7,170.8,77.2,2.9,74.9
Selangor,Klang,2020-01-01,599.6,575.8,23.9,182.7,76.6,4.0,73.6
Selangor,Klang,2021-01-01,599.6,570.4,29.3,168.3,78.1,4.9,74.3
Selangor,Klang,2022-01-01,620.0,592.1,27.9,164.1,79.1,4.5,75.5
Selangor,Klang,2023-01-01,646.1,625.3,20.7,164.9,79.7,3.2,77.1
Selangor,Klang,2024-01-01,674.6,657.0,17.6,165.5,80.3,2.6,78.2
Selangor,Kuala Langat,2018-01-01,145.6,141.5,4.2,46.6,75.8,2.9,73.6
Selangor,Kuala Langat,2019-01-01,148.1,143.7,4.4,48.2,75.4,3.0,73.2
Selangor,Kuala Langat,2020-01-01,160.1,153.8,6.3,55.6,74.2,3.9,71.3
Selangor,Kuala Langat,2021-01-01,160.1,155.0,5.0,57.8,73.5,3.1,71.1
Selangor,Kuala Langat,2022-01-01,161.5,157.9,3.6,57.5,73.7,2.2,72.1
Selangor,Kuala Langat,2023-01-01,165.1,162.4,2.6,57.3,74.2,1.6,73.0
Selangor,Kuala Langat,2024-01-01,168.9,166.9,2.0,56.9,74.8,1.2,73.9
Selangor,Kuala Selangor,2018-01-01,131.2,127.3,3.9,47.0,73.6,2.9,71.4
Selangor,Kuala Selangor,2019-01-01,136.1,132.1,4.0,48.2,73.8,3.0,71.7
Selangor,Kuala Selangor,2020-01-01,140.2,132.7,7.6,56.8,71.2,5.4,67.4
Selangor,Kuala Selangor,2021-01-01,143.4,136.6,6.8,57.0,71.5,4.7,68.2
Selangor,Kuala Selangor,2022-01-01,143.5,137.1,6.3,58.4,71.1,4.4,67.9
Selangor,Kuala Selangor,2023-01-01,144.7,140.1,4.6,60.6,70.5,3.1,68.2
Selangor,Kuala Selangor,2024-01-01,147.3,143.6,3.8,61.3,70.6,2.6,68.8
Selangor,Petaling,2018-01-01,1166.5,1135.0,31.5,376.3,75.6,2.7,73.6
Selangor,Petaling,2019-01-01,1189.7,1157.1,32.6,386.5,75.5,2.7,73.4
Selangor,Petaling,2020-01-01,1262.2,1210.2,52.0,380.0,76.9,4.1,73.7
Selangor,Petaling,2021-01-01,1297.9,1249.7,48.2,364.9,78.1,3.7,75.2
Selangor,Petaling,2022-01-01,1297.9,1255.3,42.6,353.6,78.6,3.3,76.0
Selangor,Petaling,2023-01-01,1327.4,1295.7,31.7,347.2,79.3,2.4,77.4
Selangor,Petaling,2024-01-01,1354.1,1326.6,27.5,343.8,79.8,2.0,78.1
Selangor,Sabak Bernam,2018-01-01,63.7,61.7,2.0,20.9,75.3,3.2,72.9
Selangor,Sabak Bernam,2019-01-01,64.1,61.9,2.1,21.6,74.8,3.3,72.2
Selangor,Sabak Bernam,2020-01-01,53.9,52.1,1.8,20.0,72.9,3.3,70.5
Selangor,Sabak Bernam,2021-01-01,53.2,51.2,2.0,21.1,71.6,3.8,68.9
Selangor,Sabak Bernam,2022-01-01,53.5,51.9,1.6,21.1,71.7,3.0,69.6
Selangor,Sabak Bernam,2023-01-01,53.5,52.3,1.2,21.9,71.0,2.2,69.4
Selangor,Sabak Bernam,2024-01-01,54.5,53.4,1.0,21.8,71.4,1.9,70.0
Selangor,Sepang,2018-01-01,142.2,137.8,4.4,43.4,76.6,3.1,74.2
Selangor,Sepang,2019-01-01,145.3,140.7,4.6,44.9,76.4,3.2,74.0
Selangor,Sepang,2020-01-01,176.1,168.9,7.3,55.5,76.0,4.1,72.9
Selangor,Sepang,2021-01-01,177.4,168.7,8.7,57.5,75.5,4.9,71.8
Selangor,Sepang,2022-01-01,178.9,171.1,7.8,55.7,76.3,4.4,72.9
Selangor,Sepang,2023-01-01,182.5,176.8,5.7,56.0,76.5,3.1,74.1
Selangor,Sepang,2024-01-01,186.6,181.8,4.7,56.6,76.7,2.5,74.8
Selangor,Ulu Langat,2021-01-01,747.3,711.8,35.4,242.9,75.5,4.7,71.9
Selangor,Ulu Langat,2022-01-01,767.5,738.5,29.0,236.2,76.5,3.8,73.6
Selangor,Ulu Langat,2023-01-01,798.6,777.0,21.7,237.6,77.1,2.7,75.0
Selangor,Ulu Langat,2024-01-01,829.6,810.9,18.7,242.2,77.4,2.3,75.7
Selangor,Ulu Selangor,2021-01-01,128.9,125.2,3.7,41.1,75.8,2.9,73.6
Selangor,Ulu Selangor,2022-01-01,132.1,129.0,3.1,40.0,76.8,2.4,75.0
Selangor,Ulu Selangor,2023-01-01,136.5,134.2,2.3,39.6,77.5,1.7,76.2
Selangor,Ulu Selangor,2024-01-01,140.4,138.4,2.0,40.1,77.8,1.4,76.7
Terengganu,Besut,2018-01-01,62.1,58.8,3.2,41.6,59.9,5.2,56.7
Terengganu,Besut,2019-01-01,64.7,62.3,2.4,41.5,60.9,3.7,58.7
Terengganu,Besut,2020-01-01,59.3,56.9,2.4,39.2,60.2,4.1,57.8
Terengganu,Besut,2021-01-01,58.8,56.2,2.6,41.5,58.6,4.5,56.0
Terengganu,Besut,2022-01-01,60.4,58.1,2.4,41.9,59.0,3.9,56.8
Terengganu,Besut,2023-01-01,62.1,59.7,2.4,42.8,59.2,3.8,56.9
Terengganu,Besut,2024-01-01,64.1,61.8,2.2,42.9,59.9,3.5,57.8
Terengganu,Dungun,2018-01-01,73.0,69.5,3.5,52.6,58.1,4.7,55.3
Terengganu,Dungun,2019-01-01,74.4,71.7,2.7,51.5,59.1,3.6,56.9
Terengganu,Dungun,2020-01-01,59.6,57.2,2.5,45.6,56.7,4.1,54.4
Terengganu,Dungun,2021-01-01,60.5,58.2,2.4,46.2,56.7,4.0,54.5
Terengganu,Dungun,2022-01-01,61.7,59.6,2.1,46.3,57.1,3.5,55.2
Terengganu,Dungun,2023-01-01,63.1,60.9,2.1,47.0,57.3,3.4,55.3
Terengganu,Dungun,2024-01-01,65.1,63.1,2.0,47.1,58.0,3.1,56.2
Terengganu,Hulu Terengganu,2018-01-01,30.3,28.9,1.4,22.7,57.1,4.7,54.5
Terengganu,Hulu Terengganu,2019-01-01,31.0,29.8,1.2,22.7,57.7,3.8,55.5
Terengganu,Hulu Terengganu,2020-01-01,26.1,25.1,1.0,20.2,56.3,3.7,54.2
Terengganu,Hulu Terengganu,2021-01-01,25.8,24.8,1.0,21.5,54.6,4.0,52.4
Terengganu,Hulu Terengganu,2022-01-01,26.2,25.2,1.0,21.4,55.0,3.8,52.9
Terengganu,Hulu Terengganu,2023-01-01,26.8,25.8,1.0,21.8,55.1,3.7,53.1
Terengganu,Hulu Terengganu,2024-01-01,27.4,26.5,0.9,21.7,55.8,3.3,54.0
Terengganu,Kemaman,2018-01-01,83.3,79.4,3.8,43.9,65.5,4.6,62.4
Terengganu,Kemaman,2019-01-01,85.5,82.7,2.8,43.1,66.5,3.3,64.3
Terengganu,Kemaman,2020-01-01,92.5,88.8,3.7,46.6,66.5,4.0,63.8
Terengganu,Kemaman,2021-01-01,94.0,90.5,3.5,47.8,66.3,3.8,63.8
Terengganu,Kemaman,2022-01-01,96.7,93.8,2.9,48.5,66.6,3.0,64.6
Terengganu,Kemaman,2023-01-01,100.2,97.3,2.9,49.8,66.8,2.9,64.9
Terengganu,Kemaman,2024-01-01,104.6,101.8,2.7,50.3,67.5,2.6,65.7
Terengganu,Kuala Nerus,2018-01-01,,,,,,,
Terengganu,Kuala Nerus,2019-01-01,,,,,,,
Terengganu,Kuala Nerus,2020-01-01,59.5,56.7,2.8,40.8,59.3,4.7,56.5
Terengganu,Kuala Nerus,2021-01-01,59.6,57.2,2.4,43.1,58.0,4.1,55.7
Terengganu,Kuala Nerus,2022-01-01,60.7,58.5,2.2,43.2,58.4,3.7,56.3
Terengganu,Kuala Nerus,2023-01-01,61.7,59.5,2.2,43.7,58.6,3.6,56.5
Terengganu,Kuala Nerus,2024-01-01,63.4,61.3,2.1,43.5,59.3,3.3,57.3
Terengganu,Kuala Terengganu,2018-01-01,151.2,144.0,7.1,103.4,59.4,4.7,56.6
Terengganu,Kuala Terengganu,2019-01-01,159.7,154.3,5.4,104.7,60.4,3.4,58.4
Terengganu,Kuala Terengganu,2020-01-01,90.6,86.3,4.2,62.2,59.3,4.7,56.5
Terengganu,Kuala Terengganu,2021-01-01,89.3,85.6,3.7,64.5,58.0,4.1,55.7
Terengganu,Kuala Terengganu,2022-01-01,90.7,87.3,3.3,64.5,58.4,3.7,56.2
Terengganu,Kuala Terengganu,2023-01-01,92.0,88.7,3.3,65.1,58.6,3.6,56.5
Terengganu,Kuala Terengganu,2024-01-01,94.4,91.3,3.1,64.8,59.3,3.3,57.3
Terengganu,Marang,2018-01-01,43.7,41.6,2.1,32.5,57.4,4.7,54.6
Terengganu,Marang,2019-01-01,45.4,43.7,1.7,32.7,58.2,3.7,56.0
Terengganu,Marang,2020-01-01,43.0,41.5,1.6,32.9,56.7,3.6,54.7
Terengganu,Marang,2021-01-01,44.1,42.4,1.7,33.8,56.6,3.8,54.4
Terengganu,Marang,2022-01-01,45.3,43.9,1.4,34.0,57.1,3.0,55.4
Terengganu,Marang,2023-01-01,46.5,45.1,1.4,34.7,57.3,3.0,55.5
Terengganu,Marang,2024-01-01,48.1,46.8,1.3,34.9,58.0,2.6,56.4
Terengganu,Setiu,2018-01-01,26.9,25.5,1.3,14.5,65.0,4.9,61.6
Terengganu,Setiu,2019-01-01,27.3,26.3,1.0,14.2,65.8,3.7,63.4
Terengganu,Setiu,2020-01-01,25.0,23.7,1.2,13.5,64.9,4.9,61.6
Terengganu,Setiu,2021-01-01,24.7,23.5,1.3,14.4,63.3,5.1,60.1
Terengganu,Setiu,2022-01-01,25.5,24.4,1.0,14.4,63.8,4.0,61.2
Terengganu,Setiu,2023-01-01,26.2,25.2,1.0,14.8,64.0,3.9,61.5
Terengganu,Setiu,2024-01-01,27.3,26.3,1.0,14.9,64.7,3.6,62.3
